,00,01,02,03,04,05,10,11,12,13,14,15,20,21,22,23,24,25,30,31,32,33,34,35,40,41,42,43,44,45,50,51,52,53,54,55,mu_0,mu_1,mu_2,mu_3,mu_4,mu_5,theta,LL,blk,blk_hr
0,0.3840233321121691,0.2460233889399932,0.0097699845412537,0.0076813638024364,0.0256531959685144,0.0139366827987629,0.3231616987327698,0.5464883839675285,0.014286547229722,0.0018546972003878,0.0111847320190943,0.0140544856149285,0.2707764168203432,0.0556303543132944,0.0294862860030574,0.0885190131786558,0.0806575385981974,0.0720556674278996,0.0978729401027925,0.0842310206454158,0.2489689496076178,0.1288375063470617,0.2319250603356215,0.098206419731207,0.3022070302421379,0.104470725797828,0.029640125716561,0.0602808161057576,0.291892208066716,0.3454680757911991,0.2277002032600885,0.0762198093429304,0.062921694836804,0.023474211219034,0.5813364989076427,0.4974913750388005,0.0473398234847417,0.0552269797152166,0.0022627897037695,3.753045059243125e-05,1.1817534017911016e-05,8.686749004221883e-06,0.01,-13783.208631465834,0,10.0
1,0.1385419283789311,0.0830434186482399,0.0038840527335762,0.0089044752194724,0.0327920230428576,0.0574294677705804,0.1078239904695787,0.1852533598501768,0.0022708671828813,0.0016807869049111,0.035703763707231,0.037316324873738,0.0182429654781794,0.0167886729825868,0.006804472577576,0.0041440892757356,0.1417185260942259,0.1096453130317845,0.0063500851303468,0.0254302722542505,0.2350871779445611,0.0007794364057995,0.1170647084864939,0.3610452326126166,0.0126055523604735,0.0096507614637768,0.0339079911068537,0.0151740711537472,0.1319137699268722,0.2828194294708825,0.0107343468055686,0.0092213202610183,0.0555886084867863,0.0078374505695014,0.2244814881453733,0.2096545653943539,0.2175915991490588,0.1893988214965996,0.0145152789138784,0.021957809964435,0.0893743423733989,0.040732851207399,0.01,-18025.42702945328,1,12.0
2,0.3277185659753526,0.1764035357454991,0.0023506840271821,0.0050752617197071,0.0145935343086958,0.0037931276428848,0.3938078309006911,0.3502873731650175,0.0011250023791454,0.0019228414369416,0.0085706818272711,0.0049784468261356,0.0352049030668107,0.0041918230282768,0.0983182252567694,0.2078583894034384,0.0398768078081278,0.3212384589853601,0.0813077483862723,0.0300410010603672,0.2145632739028768,0.000759116392426,0.0201239332516907,0.0712622600055016,0.0272886197934882,0.0197849997904835,0.064012604682855,0.0090442725850838,0.1248962708219294,0.2955795202769093,0.0377172855037069,0.0078997726189174,0.052209059066663,0.0221882950967994,0.3705312877606118,0.1852929803410894,0.0746106404067446,0.1134555116532569,0.0095959184048175,0.0153256011444715,0.0876002628118475,0.06939027162817,0.01,-18074.09320576522,2,14.0
3,0.3845873246516528,0.3588778986924418,0.00619031638755,0.0071777983677701,0.0275562831921,0.01668729479831,0.3338022312192343,0.618102262080262,0.0114854944908157,0.0023171554121747,0.0093875549838051,0.0154713330866978,0.3377888795947085,0.0951167018641877,0.0162577885359024,0.1160080446532936,0.0620703844702887,0.0670296883442122,0.0727543403985327,0.0811784059258823,0.1893388434815122,0.1389793457600607,0.3173236557035641,0.1072795597807966,0.278177963018586,0.0550178901830979,0.0390321419723609,0.047947378078918,0.2869970522588284,0.3627256859018409,0.2190849911449703,0.0402934432014602,0.0780076677521738,0.0263839204841982,0.565091564784172,0.4514239736646881,0.043744834212466,0.0014615532982135,0.003324583428973,3.174768590321491e-05,0.0001730526627394,2.2350811519503477e-05,0.015,-13796.42058904601,0,10.0
4,0.2271221610083687,0.0900615906022724,0.0041563875607683,0.0128637782353891,0.0152631775928791,0.0264335627698368,0.2019919672751488,0.1838976070060923,0.001687263791245,0.001145113993475,0.0215106985064143,0.0143339525951951,0.0394585339186131,0.0130719320721233,0.0032454286137913,0.0044209579688208,0.1034369741334124,0.0607447264912547,0.0096316725574006,0.0269144388711167,0.2462767798569003,0.0004935395028332,0.0664911653559922,0.2766669702092825,0.0217261006663394,0.0063870940944545,0.0355916657368312,0.0189653895863824,0.0733990178614799,0.2738146883993192,0.0175440812149593,0.0050769189929555,0.0696707574444584,0.0076988327715426,0.2598787292538156,0.144560055769175,0.1632564759578265,0.1887478855613837,0.0117072069097116,0.0202832212230735,0.1050710820129996,0.0715377370101316,0.015,-18022.98679770201,1,12.0
5,0.2220387946540036,0.1261334341515797,0.0037997356145643,0.0018152038538945,0.0063086057665211,0.0134789789400063,0.2632809243215297,0.2579248518669,0.0015544142901585,0.0007519846430772,0.0028404247657874,0.0167299963241226,0.015462743060134,0.0017465842765234,0.0888356899943886,0.1889038715564837,0.0350925448386848,0.3499427616173278,0.034107581981683,0.0171077868549542,0.2006436585184731,0.0002694742500576,0.0156903132667987,0.096849972332402,0.00877788650449,0.0091336883996201,0.0717906893113902,0.0088466520938411,0.0799060165530222,0.4069427587081007,0.0146523091431638,0.0031324368841243,0.0427804260398487,0.0168087555339645,0.2786457094939449,0.1798066427002541,0.1467486255244234,0.1541852883125284,0.0098805878675253,0.0181501062695239,0.1142847629017785,0.0422803443889982,0.015,-18069.50900138844,2,14.0
6,0.2726989187335402,0.2617255457740318,0.0009709654206004,0.0043691431696914,0.0919045253312716,0.0407871817264044,0.2671437221951135,0.2983176577533624,0.0183086464700477,0.0051203531783899,0.0208888310518546,0.048230688870837,0.4959881789062434,0.0175939508830673,6.749277879477435e-05,0.0926587601401621,0.0068591771652361,0.197064619857236,0.0021039332713169,0.6792587011454283,0.1009711541397542,0.1390389839948948,0.1540249774195099,0.0902630989227104,0.2011655433531159,0.2237754764270713,0.0671329823046952,0.0320752769521334,0.1263715774947704,0.3197267372423572,0.2381357470433288,0.0709543164263812,0.0372270718083583,0.0410331727575378,0.4392576761961845,0.1938242676376248,0.1005252770449457,0.1105801274181023,0.0047510084832832,0.0005041373434645,0.0002708974774713,0.0007859574927979,0.1,-13994.80908806648,0,10.0
7,0.016631041387006,0.0349287151028264,3.625792504355138e-05,0.0005198447132862,0.0004270406203604,0.0012336495738522,0.021784925704698,0.0247035983149492,2.8773761594672617e-06,3.007225501869144e-06,0.0078024579390181,0.0001416560176614,0.0002993527462979,0.0021553043551265,2.419432503088412e-06,0.0162478433589399,0.0035013887185404,0.0093215673149971,8.815444278257296e-05,0.0352835724846881,0.0426309040699741,0.0117904612554263,0.0001173919699434,0.0547710652384315,0.0003032308766815,0.0004136766016532,0.0076766190777003,0.0056675254632612,0.0004739496839999,0.131576460377067,0.0001942318680374,2.8250472753472243e-05,0.0158009641015149,0.0001414896650776,0.2383124813263826,0.0075664660927246,0.2798322581756677,0.2486360263594539,0.0328687391860482,0.0268977994961484,0.1344289786290354,0.1376101040558622,0.1,-18036.971250215527,1,12.0
8,0.0016920059502595,0.1060330410897174,1.6325258055844045e-05,6.576058855127842e-09,1.8507267897244414e-05,0.0003018012743325,0.1018801029775132,0.0575365706856591,8.027852792298188e-06,1.1955107854016506e-06,4.465385998249087e-06,2.299203580067592e-06,9.623346004726993e-07,3.372432288012269e-05,0.0011962139873274,0.1199475442884239,0.0003131999878581,0.1791757096905755,5.451469060054879e-09,0.0291799493921577,0.1466511221449789,2.232096182055393e-06,0.0014306930710382,0.0063262035226182,2.2142069276823853e-08,0.0072502381550146,0.0203776975908894,0.0379058910286369,0.0001157939204727,0.2489190118513413,1.4890047620006443e-05,1.5642666672674646e-05,1.2106125473499198e-05,0.0082215489947783,0.1894127384513973,0.0075584215267991,0.2560493687198689,0.2119489026391857,0.0326156063711694,0.0177874147108906,0.147031688866338,0.1157175861836214,0.1,-18090.70285118056,2,14.0
9,0.6326227877601541,0.4071807583794301,0.0010221635466295,0.0011760968292545,0.0111693979816419,0.0105846561748411,0.3015491175990754,0.4992064272312957,0.0087311230850851,0.0019584197255188,0.0128483228673826,0.0227349419302855,0.0819073941276623,0.0919183716103039,0.0994975188486491,0.0350182964962332,0.2493234047016632,0.2018971118996149,0.0672305510193203,0.0463791150845541,0.2468122815822871,0.2358206953303175,0.1142766985728182,0.2471854989277325,0.047426411460645,0.074928371398448,0.0848558803906845,0.1572228523082795,0.2977793975355138,0.4200435526424501,0.0569531340404302,0.1038811583569281,0.063538245280867,0.0320731393748992,0.4876261287192746,0.29648260506016,0.0216488283407952,0.020052315376238,5.253867644777426e-05,0.0014806448898883,1.6577914323832323e-06,4.665492235104792e-05,0.01,-12565.034297865688,0,10.0
10,0.1910196316311252,0.4362851520876248,0.0057408617031405,0.0006952848355805,0.0035863886007962,0.005645479374364,0.1097409148216721,0.3656264676501359,0.0126312581951372,0.0017158151307974,0.0053543546706014,0.0038324300969742,0.002224458145843,0.0216401233352226,0.00940537675375,0.589840685706813,0.0393509068058395,0.1164381600696898,0.0008966928207918,0.0662061498661507,0.222715511850569,0.0237774285532001,0.0772368516857485,0.0843418490448983,0.0016172984008327,0.0329450112772126,0.0223932773107568,0.042410807000784,0.1657278120564042,0.1975808333251044,0.0014193307369119,0.0132444671735448,0.0052718123223004,0.0226821850348511,0.3525272095712968,0.3943162220348246,0.1916368682533334,0.0411770368466708,0.0201135386463297,0.0057975195230348,0.0702312715763331,0.0671842073344837,0.01,-18199.701253211155,1,12.0
11,0.4166308232048373,0.3013502859778718,0.0001123587838808,2.6596420889579195e-05,0.0002478738089655,0.0002412344130259,0.3359904364476327,0.389622435419137,0.0004730258989865,5.327542514601806e-05,0.0002262773733802,0.0001256862775957,0.0005309289929225,0.0001850866661918,0.1149075164624424,0.0903283335241603,0.0387753653908975,0.1898935792153765,0.0005553503370334,0.0005091198995759,0.0097535361545882,0.1331277872549071,0.1840958313123566,0.1672737832205366,0.000643620121796,0.0003698249030255,0.0642789095549877,0.1161235486684456,0.2179449227571258,0.2793264003905413,0.00052160911654,0.0001643421428311,0.1032007333368456,0.0585729009648819,0.4780838095151337,0.4760458879805289,0.0766850042060789,0.086854235495049,0.0060448684757974,0.0037851320180201,0.0360141278812394,0.0312706587438198,0.01,-17853.855583330493,2,14.0
12,0.5912939166463707,0.409256622599011,0.0007825489771037,0.0016478226675332,0.0094433023356028,0.0098672928035108,0.3475930511260565,0.4776757989607192,0.0094169520621869,0.0033881857183862,0.0141445476202104,0.0221050741537213,0.1244440411203341,0.0972220022478767,0.0894597229641945,0.0434199490569258,0.3086799632000739,0.2101649537204254,0.0981132689938746,0.0416311951527906,0.2517078558633923,0.2333860401365447,0.0950717824385972,0.2591451085587362,0.0497913516705652,0.0954299298670692,0.1112917315604192,0.1428687945113897,0.271233146299626,0.4648019492964518,0.0719429598253877,0.1261473613329402,0.0338872931025609,0.0297019042532282,0.4967683252543708,0.2444525009663893,0.0158591533453003,0.0220818005349962,4.8193131369800174e-05,0.0016080375396969,3.6288668529646423e-06,9.139135092873318e-05,0.015,-12568.115144935282,0,10.0
13,0.2266514477688937,0.246683331568412,0.0065411206642425,0.0007946712663293,0.0031102262110952,0.0031177781790297,0.1427501943105293,0.2390841669363031,0.0157317148146847,0.0021820386639158,0.005031424575802,0.0026710950462783,0.0031986580186981,0.0080806460565649,0.0124470455222331,0.548947740252324,0.0293443336829046,0.0958041560864656,0.0012520121321696,0.0194173968728744,0.2515418344105896,0.0244702817390161,0.0549965231876058,0.0711030314286531,0.0022328133131289,0.0067538939119167,0.0344387202296379,0.06422677870501,0.1236498052255523,0.1956287761186574,0.0022327038540388,0.002395570918646,0.0065978327862968,0.0218417519583011,0.3718613242613998,0.3455088659653855,0.1727000442197948,0.1332146922597989,0.015468820523479,0.0036149203521395,0.0747633937574212,0.0779857007433931,0.015,-18191.172059232613,1,12.0
14,0.394451088418893,0.327914725110313,1.5304512526809213e-05,3.1107986171285384e-06,0.0013226522697137,0.0001051977802526,0.3606478216227949,0.370310698266263,0.0001138813530236,7.777917349057772e-06,0.0012935981961583,4.562890506252642e-05,0.0003777366239837,0.000182114761576,0.1454174418418847,0.0997164271165459,0.0408062457572506,0.2711249784163682,0.0002911070067065,0.0006303651961621,0.0136701054504688,0.1502173132996413,0.1793756003949387,0.2095341994696219,0.0004436629262584,0.0004421867251418,0.0612766203760803,0.1207288885084376,0.1881901757042297,0.2922858643230859,0.0004270905558778,0.0001743272360359,0.0925249246050771,0.0428824285481984,0.5389711837360851,0.4319747676999718,0.0751882663530474,0.0836462356642242,0.0069463736848597,0.0044827993679603,0.0295558471894864,0.0312333485487684,0.015,-17847.49914415589,2,14.0
15,0.3778562558113997,0.4897523548724813,0.0009995038959592,0.0001648768312461,0.0145771480668936,0.0428574203593788,0.4525728148396355,0.3029182667465497,0.0167619400203323,0.021372840550931,0.0533063598944181,0.0287407233938165,0.3226108796125666,0.0356712602179714,0.0894916940128719,0.0580729896412736,0.2264978705525812,0.233088664636214,0.148783938180096,0.0686150280067176,0.1123139345495264,0.0422843227790197,0.0088386646734151,0.3677432018862319,0.057223768051828,0.2400468116058302,0.1129368187000713,0.1003285585752007,0.1413212212068929,0.3385913593619239,0.2072998858511124,0.1492589012405467,0.0047137896061891,0.0115282224632362,0.4280304993186411,0.0974149783988414,0.0374071328812028,0.0405410816434909,0.001709265711138,0.003095598451227,8.057503930609619e-05,0.0005152229345755,0.1,-12787.092089527365,0,10.0
16,0.0803738355866428,0.1298333210902411,5.993390103270609e-05,1.4371145069388296e-06,0.0003071313882189,0.0002210836048339,0.0866148604261793,0.0410032290255839,0.0007064927584067,0.0001021552032122,0.0008399858152305,0.0002546881525905,0.0002012514060913,0.0039992248709758,0.0014725493229256,0.2406961200796736,0.0004112193580885,0.0671885345210702,8.350756473403749e-05,0.0124676036067145,0.1656063374878345,0.0211086056509095,0.0017648739572284,0.0071717206892658,4.502346304578356e-05,0.0015401244563066,0.006664728075262,0.0897869069746123,0.0051693075424681,0.2107118116722093,0.000283959878527,0.0001774188737214,6.497534208445016e-05,0.0006678478935965,0.304429604734061,0.0536334708001,0.2273649219967345,0.2180191794220972,0.0308162177269025,0.0158583906560107,0.111155776705812,0.1324168730658349,0.1,-18222.32511795792,1,12.0
17,0.2270917163608038,0.2096153129983531,1.768758419399744e-06,1.7200759312678463e-05,8.901258215099975e-05,0.0002771304211807,0.2762715562540733,0.147204199744568,1.8978404360801065e-05,1.3016403178938674e-05,0.0002675555794133,8.36533831952144e-05,0.0001270611267684,0.000302998600869,0.0801000350445101,0.1420647997922369,0.0273867485839069,0.1773020511827185,1.697835190430578e-05,0.0013717537494929,0.1484779963205783,0.1091916660212644,0.0286688641806268,0.212073122526992,0.0003259465520017,0.0002314701571559,0.0574618591940453,0.0903040500714351,0.0442700955864055,0.3012527444189978,0.0008877419338679,4.41102756682936e-05,0.0321392114380663,0.0141430483437934,0.4662651897831049,0.1518311670311325,0.1453528811305108,0.1787184540414962,0.0144063033889898,0.0137120241244786,0.0701206915969241,0.078424091042633,0.1,-17987.35633761036,2,14.0
18,0.40388521071339,0.2128961636756096,4.8470317007672034e-05,0.0001156817574839,0.0056016625308984,0.0122210102521585,0.2724552327388033,0.5004855209612716,4.223118247277159e-05,0.0005617305453909,0.001542185755251,0.0072434926914053,0.0013034568002748,0.0007590623097263,0.2866494419351678,0.4094887778811671,0.1292640013918233,0.5970246592156362,0.0018413227737336,0.0021712748165456,0.411940878850187,0.018850151024017,0.0083861427415452,0.6736027095432637,0.0057823817087502,0.0029805887076289,0.0406775650645014,0.0548352812769627,0.1670962095696854,0.2219773755536412,0.0035187280333538,0.0016098979520953,0.0086478999647323,0.0668362065096631,0.5687644626176007,0.4332546217310393,0.1301563962242198,0.0853317226346649,0.0028551236889196,0.0002989802637738,0.0214220278233931,0.0077824130371023,0.01,-12798.065459432986,0,10.0
19,0.1964742944900893,0.3154645974452959,0.0046817650191752,0.0018962780822416,0.0047578868677035,0.011050030769283,0.1876283210145385,0.3687453901705074,0.008592467152895,0.0016916185575073,0.0021570329038769,0.0065227299116578,0.001074624039074,0.0210157982255608,0.1110014290340743,0.2924397278039975,0.1328720459993287,0.0621289490579776,0.0084481142482908,0.0348428077942992,0.4295411305236568,0.1769581372367607,0.0475278738455578,0.0141767553515052,0.0028739749054695,0.0407429725361472,0.0352206032771735,0.0150370205195236,0.1624230105979759,0.1793923913087195,0.0082022689945337,0.0328545544688812,0.0038545724736006,0.0013583318434573,0.2436794295313723,0.1724293563649176,0.1577268668598785,0.0478734572014411,0.0113514869876539,0.0135808798611792,0.1102306430598065,0.1262235859305573,0.01,-18231.076489810486,1,12.0
20,0.3044321612864062,0.208098451386614,0.003426515436256,0.0038153962490245,0.0047161572016508,0.0032813972123272,0.1632426364159422,0.2970251314515251,0.0118166470858285,0.0354635357947246,0.0045688106719512,0.0016731558368491,0.0617418474787708,0.0251001467847893,0.0779824715330623,0.0022810564612763,0.0154107171628175,0.0329843804269671,0.0470406593402928,0.0454255951877505,0.2151302874695892,0.3076582359493101,0.0041550222001377,0.0071751625856227,0.0111622631403255,0.000404157803861,0.0032592980180842,0.0002046654560609,0.2916786674652066,0.3183653367018774,0.0173662734418704,0.000438008385309,0.0003983722535512,6.114261556153484e-05,0.4014445009877392,0.2690335484640971,0.1268980757433525,0.0955473025346157,0.0285874675585917,0.0241424007963534,0.0605856795002382,0.0763351818472669,0.01,-18124.149615325925,2,14.0
21,0.4254822398253841,0.3288488403996946,5.599032148994075e-05,4.82194264339184e-05,0.0047071192792512,0.0104736905799069,0.2941700902484849,0.5493113132697981,6.252057467495409e-05,0.0003143701112111,0.0011286429407584,0.0069276063911317,0.0034763436626401,0.0278261968481579,0.2709577498577617,0.3546329767055448,0.084618148410961,0.503428338061856,0.0045308583438012,0.0364017315731376,0.3365752122431766,0.0224535643719646,0.0047146948957175,0.7278849454911432,0.012573607061094,0.0257892000988764,0.0498590357127156,0.0657386168746103,0.1390710980457654,0.2660517793484842,0.0089531703752335,0.0134943462023369,0.011699801520733,0.0647359448685422,0.5927010669266111,0.389797404190998,0.11301832924137,0.0221378310880622,0.0033893277333256,0.0004804293685255,0.0223725198715098,0.0085550548979957,0.015,-12798.474560668265,0,10.0
22,0.1914842953935232,0.1913772080318434,0.0019071612207293,0.0013913418708752,0.0373187794950836,0.0139900000300943,0.2228247388414403,0.2388198632429399,0.0032323832435475,0.0011171298198122,0.0193434222313182,0.0099479931506971,0.0007958443714527,0.0043691766190893,0.0665380930082152,0.31780512375422,0.2508023885066242,0.0994166570980965,0.0102013575699773,0.0098483022856001,0.3894462024847512,0.1350842880076581,0.0881843225013523,0.0133848687291958,0.00262704468561,0.0064371674151772,0.0241452279787854,0.0183168447527024,0.2044368896044364,0.2489895862205722,0.0091426047403352,0.0046732313766691,0.0016670004742716,0.0007432101591113,0.4894116597808539,0.1845652134551346,0.1505790879615867,0.1210758951223393,0.0190473086099755,0.0136645218020747,0.0337606713973186,0.1065927781577257,0.015,-18227.673338424735,1,12.0
23,0.3298113769932713,0.2481313272604022,0.0026309316291566,0.0025635880747843,0.0038092653262502,0.0058506514910991,0.2097708307487023,0.2913438047756823,0.0123366241203728,0.0330816569014506,0.0042294532249211,0.0027177219783988,0.0656480786932655,0.0245294737015782,0.1152583389721069,0.0044146598836374,0.0130675739901662,0.0621371671579999,0.0370968465567884,0.0453569156285846,0.2386476356566638,0.3052287202201973,0.0030864243599995,0.0155408843561693,0.0145776317326169,0.000268215124701,0.0051815935465,0.0002941857169933,0.2169769087072295,0.3807073852852414,0.0243400590717447,0.0002395087808736,0.0003226181514639,6.132756405654181e-05,0.5023924540469773,0.2392912480250796,0.1087839151114338,0.0866263831027596,0.0254110281003067,0.0247974689493253,0.0557621455473425,0.0667918855040811,0.015,-18116.02983825701,2,14.0
24,0.1263930277187589,0.1037916085969338,2.792100997200973e-06,8.474721333538477e-07,0.008712344637189,0.0116386553563738,0.1302257893582323,0.1386307119241721,0.0002771443953516,0.0004859995063759,0.0036819092018463,0.0046201362790772,2.526619687754927e-05,0.0023341396842302,0.1151008692296459,0.1725166965030434,0.0037279494247821,0.2071307745852134,7.70287912354621e-06,0.0044753679484814,0.1938088971890322,0.0178018263092406,6.547060608642616e-05,0.557231227786981,0.0001554868272463,0.0003296757804334,0.0732769319599321,0.0718000036961,0.0371294213495656,0.3751713053627325,0.000426825718942,0.000148866925829,0.0115691792462915,0.0558887153488727,0.4444120631470704,0.1089597225859797,0.2736412353207273,0.237637549292734,0.0075884828205822,0.004990015861518,0.0490732607050406,0.0390339829478953,0.1,-12927.64097091612,0,10.0
25,0.050377106093923,0.1038755320746795,0.0008187272455258,4.077891807647264e-05,0.0002223463220688,0.0002607408657994,0.1569621881875012,0.037658970759289,0.0004504906765795,2.8554665638274e-05,0.0001554779357797,0.0003165583144743,2.180228899855672e-05,0.0001623083647068,0.0100143805787082,0.1619784767317432,0.0029893258756635,0.0653208055139511,0.0006520529815052,0.000625209198512,0.202495335963659,0.0640449325048429,0.0004692138029305,0.001142905871474,2.323153197564807e-05,0.0022645528498798,0.0189297112210577,0.0173929435137666,0.0025713721605831,0.2372688118442244,0.0007531987792523,0.0002014856435818,0.0013338951598692,4.888422345244104e-05,0.250378869270393,0.0060544723459738,0.2026950225602674,0.1897303113198562,0.0301098878676794,0.0235969917081098,0.1480581332837893,0.1516080275897941,0.1,-18238.35201302413,1,12.0
26,0.0700785182945218,0.1522809860444652,0.0003080953619418,0.000288212273339,0.0003145916781133,0.0005743358379367,0.1770321062504757,0.0957314133807799,0.0023710507635377,0.0015094942587844,0.0002718900362211,7.515313040839256e-05,0.0008423163154256,0.0039478952273762,0.0285147013636148,0.0554894298374372,0.0030246816723454,0.0093629924521544,3.675705537091508e-05,0.0148310199566912,0.1419641988819014,0.1447080126028389,0.0001735855196975,0.009824724725911,0.0002541784905318,0.0001378497159467,0.001817967237105,0.0017943607898219,0.0114242626972107,0.272142325936939,0.0007015500806189,2.654916855391212e-05,5.436410715266276e-05,0.0001005878601365,0.4608733474366489,0.0165785681380531,0.18992433158055,0.1525183810351393,0.0370981838109384,0.0366061660892521,0.1051862921659834,0.134390792788895,0.1,-18138.01493097596,2,14.0
27,0.3529117781315397,0.2005018001059374,0.0073898064438543,0.0045129544360893,0.0143728097704297,0.0464099528429801,0.2186324381412993,0.3594915949630224,0.0021412523463677,0.0047594486462634,0.0167417622109299,0.0211290933521935,0.0653362416335366,0.3106870371334818,0.0093875647530595,0.0190353393097669,0.0017246636034846,0.1147754764720732,0.0261447075067172,0.2717937425729312,0.0037574340207979,0.380887667993781,0.009049092159545,0.224844902614911,0.0664594521818573,0.0940923956581128,0.0273864281735598,0.0027984867038547,0.2292207620915476,0.2051408788024743,0.0584337671924945,0.0989903026326293,0.003247120008655,0.0013539302675112,0.4214231885871499,0.3772600887809722,0.1806507098002497,0.1383657563768656,0.0100185134989158,0.0059334097973918,0.0078992514360051,0.0042190384504237,0.01,-12197.60940169523,0,10.0
28,0.1523931564392457,0.0862575188992749,0.0027212441781522,0.0174497657317245,0.0234501029778105,0.0161369559437271,0.1615515206734899,0.194336971902604,0.0023785058651587,0.0107954406823327,0.0111247787556929,0.0075719186136585,0.0114740241131554,0.0788722298814453,0.0005818718971824,0.0864195862741353,0.0372592873252217,0.1876278911698025,0.0199174144239562,0.015805102721551,0.0830277610872537,0.2819850235749294,0.0384868028768402,0.169862499352587,0.0164375716766224,0.034796313157273,0.0127123047545578,0.0011436838846273,0.2386969020195199,0.1154781889585869,0.0143418635043807,0.0277237949208992,0.0262976538929942,0.008124778962735,0.1920215736522589,0.1477848589836205,0.2075835206875135,0.1993853139768609,0.0171536204815004,0.0057257982891063,0.0831541302371678,0.1029503305231858,0.01,-17852.08387125608,1,12.0
29,0.1117798203120861,0.1690534177344247,4.064697126554235e-05,0.0001795879703495,0.0243794575562906,0.0207040886139325,0.4750887258657238,0.4874308162709448,5.098645982260767e-05,0.0001672477492574,0.0093014773305777,0.0044696263597907,0.0028308553314769,0.0026144236162543,0.3293791223824514,0.1263083534913046,0.0471075413688716,0.046782156774311,0.0007161746208591,0.0004350873201597,0.0626201061389914,0.156598709285712,0.1372796985837823,0.1607137206062107,0.0009357036408868,0.0008927760233132,0.0143185157509844,0.0328893483875333,0.2212421558661799,0.2758664072866151,0.0007923581001704,0.0003236061256918,0.0186675314773436,0.0075493500157463,0.4407979308441199,0.320269642554178,0.0839141332630283,0.0710601941141521,0.0170659266970758,0.0089503530035111,0.0786092511232555,0.0844887840030263,0.01,-18048.370986190057,2,14.0
30,0.4183779104478913,0.1783093138401897,0.0121112182619466,0.0020538187809174,0.013248791845127,0.0249209513590829,0.2913939371006445,0.3166673320874202,0.0021809130720495,0.0039913388755314,0.020033256746551,0.0089925607068191,0.0658435352822645,0.2416304087209856,0.0307498309579229,0.0183820927770303,0.001506591179555,0.1283087436126489,0.0305949270020568,0.2348804013283768,0.0048115251435227,0.351569661883545,0.0030825087149445,0.3424407759437603,0.0828864554594602,0.0866300806883789,0.0368736972750745,0.0136182200257591,0.1856250671385605,0.2254580185527298,0.0785179527600026,0.089485555724309,0.0025828444922114,0.0004923345159039,0.4741318851845898,0.3329244479442896,0.122443208628373,0.1649810044907955,0.0070901730872602,0.007027604800398,0.0055345220614635,0.0169224592682378,0.015,-12202.126460482235,0,10.0
31,0.2740797895493222,0.059792312248207,0.0008071829580307,0.0054245472290286,0.0090784365380433,0.0126037493161035,0.4406924765721937,0.1395091116714513,0.0005579781981531,0.0020833479418611,0.0028938792940643,0.0043247580435143,0.0168006385606969,0.061994606241368,5.0943798283820906e-05,0.1317135376782297,0.0150360135346196,0.3789693054435002,0.0622044499142647,0.0049103503941476,0.051933193057545,0.242349025194927,0.015268796419204,0.2308933436189538,0.0436146949406681,0.0126415642937984,0.0138275925125455,0.0001561888082885,0.1788707319410851,0.1864686622471609,0.043577553871139,0.0083882053090691,0.0276849802209241,0.0046739114115962,0.233377608323256,0.1419713557411962,0.0783032706832176,0.2304532108441788,0.018598670974243,0.0123366648012304,0.0938339133647809,0.0874199741143601,0.015,-17852.577097949343,1,12.0
32,0.0972359796338771,0.221995325434346,7.394792033203227e-05,0.0001283984800143,0.0032933522024807,0.0050368406929889,0.5480950206492068,0.451227591879078,0.0001070313339773,8.692329304152992e-05,0.001083499423725,0.0007955524668305,0.0078824414452653,0.0037347358026186,0.2691742541966265,0.1103269102730006,0.0224252815435075,0.0301264525080665,0.0015200038845147,0.0008940937823908,0.1011528856174038,0.1501458613164653,0.0822172658023764,0.1275496310935379,0.0021517167346439,0.0015353539973923,0.0193413051313505,0.0339066986191162,0.1165241917905804,0.2450405635551325,0.0024471530786939,0.0003238020910636,0.0254727152620849,0.0059111089681453,0.4261905387913859,0.2398007218560614,0.0706184616784166,0.0668118196313691,0.0154295946083761,0.0098473752945857,0.115480957619248,0.1158495960361975,0.015,-18046.233944158317,2,14.0
33,0.0185220207415285,0.0100376770957329,0.0004790093676761,1.6147532936996156e-05,0.000249220855846,0.0031499190575683,0.0505046200878206,0.005744617214107,8.621312497121747e-07,9.689639280248546e-05,0.0050704012599966,0.0001549841382709,0.0006533642614302,0.0013164364933771,0.0458517901247949,0.0747445294795036,2.1045755182401754e-09,0.1104183771944067,0.0002306488833008,0.0033375125665688,2.670511102329414e-06,0.0167709717031779,3.5709530211142255e-10,0.3562058138341201,0.0026593005141337,0.0015102202285019,3.2999601331058685e-05,0.0426062338271923,0.0246004797627148,0.1327602520812283,0.0127133431543093,0.0003828969389776,0.0016336721930147,7.16990192989406e-14,0.3101752372417896,0.0017719178978686,0.3885945266229325,0.370174942704561,0.0150237364277733,0.0119041252122453,0.0391753882355639,0.0605003013397675,0.1,-12255.34404811311,0,10.0
34,0.0091585684380957,0.0131579318902992,1.425477279394538e-05,2.137256470980077e-05,0.0002602926664477,0.0029292052028862,0.0338922721896641,0.0056876987206569,3.24087645583051e-05,3.267798488865939e-05,3.8176266013339565e-05,0.0030342393522574,3.533282888753789e-07,0.0423088331253941,5.203864662448835e-07,0.1226120676599404,1.132709294866124e-05,0.208008835248141,0.0001739985487835,0.0006688861096892,0.0001221273165287,0.0608919231226168,0.0021526579247896,0.0593966522275029,1.1451646587049252e-05,0.0004555682945103,0.034121017586571,0.005369473295937,0.0021623036923173,0.1755843850241948,0.0003418808564523,1.2057067314486914e-05,0.0015664742005103,0.0097318365458995,0.2069707920620483,0.0048530822334675,0.2936827384687951,0.2876459701218878,0.0210736131659893,0.0175881542258735,0.1306969934127744,0.1227791432918814,0.1,-17856.789287256008,1,12.0
35,0.0290677198023558,0.2379079248129083,4.275571189876619e-06,3.604653775231371e-05,0.0002169513573305,0.0011164454082885,0.3140098483445861,0.1330047048814222,5.851593198408552e-05,2.5537044766506093e-06,6.640679213286387e-05,0.0002568530144539,0.0001009372856256,0.000832465171822,0.0980197616573843,0.0445797926973607,0.0028829609520846,0.0360283561194528,9.44616136531935e-05,0.0009427683632445,0.1442999975586055,0.0285104081689781,0.0082713829733865,0.0327966284706257,5.773557782766664e-05,0.0057129681585565,0.0025719018793345,0.0033830507085163,0.0032053207497061,0.2148905262198916,0.0017902301526006,2.6087585915235423e-05,0.0041022061371014,0.0010716053056685,0.2734349446447268,0.0131455748320745,0.1315338633777312,0.125913194705175,0.0301499514002124,0.0245193155535039,0.1826334582830182,0.1796900396100601,0.1,-18108.12377203594,2,14.0
36,0.1580849193409348,0.1161312758921483,0.0025439892889396,0.0009649533812303,0.0030575211590531,0.006730171414755,0.1236860013391543,0.2623822866267808,0.0008436171245357,0.0025682836637847,0.0014520344651796,0.0008052816629811,0.0138844111798064,0.003924042309957,0.0902839132846815,0.5707828318975662,0.3511013582861945,0.6995133702267753,0.0290560905839395,0.0315193668432863,0.2733707968166015,0.0444273072965994,0.0127286053416229,0.0045427879595875,0.0078077766404513,0.0240557757197718,0.0108022211702491,0.0004876801845841,0.2938493403749243,0.3661263170459707,0.0124850181600779,0.0097702774103219,0.176948548998837,0.0023136588621245,0.4133216714108877,0.1591878484921694,0.2610070415971778,0.2198735691676045,0.0053268631336933,0.006440139931944,0.0013674336549005,0.0060934795834808,0.01,-10617.801395406035,0,10.0
37,0.1366085218507195,0.0668302521022915,0.0043468099983138,0.0081022689655894,0.0050256813953737,0.0201025122735447,0.1229987200807659,0.1533354979578976,0.0070010618566586,0.0139652960368716,0.0021928166046329,0.0062641201099393,0.0279662195909975,0.0443563924455612,0.0094867284360542,0.067878505872662,0.0136462548769352,0.0213051362159049,0.0124297730463429,0.1050480210091221,0.3905206976294686,0.2645241605224157,0.0143714028528757,0.0017673142375859,0.0088975720288259,0.0134782264056049,0.0200096015988299,0.0033139658218633,0.1782469011959589,0.2354551628606001,0.0143749982624391,0.006850794364112,0.0039190185544398,0.0027668290479554,0.4779520801111412,0.22418043038112,0.1972416645795853,0.1938832176196422,0.0183997439315094,0.0192484121638622,0.0264677761059764,0.0386358009941913,0.01,-15388.148083316572,1,12.0
38,0.1633409698210322,0.0964430241612207,0.0042622482127562,0.0064170860468104,0.0526538261427167,0.0360874612238443,0.0983200545418366,0.1165616200892846,0.0856476478366336,0.0125471578508284,0.0274240266712303,0.0236412494473789,0.0588871040194483,0.0412633798129462,0.0158571681171143,0.2328681568196039,0.0590673110728655,0.0173470519643172,0.0970969890060131,0.0171402033878323,0.2495166392679426,0.0731001994690529,0.0785131770426978,0.0120462531263358,0.0636037474760141,0.0793364438195604,0.0133001444640147,0.005789353844864,0.0448618121338937,0.1878739447216505,0.0349933998867391,0.0375374141013031,0.0175024958550702,0.0158173202338742,0.1818626287001911,0.1077337745410702,0.1306105482448347,0.1228765366175814,0.0164403217364564,0.0230018571692344,0.0595079404429888,0.0674964362597664,0.01,-14838.990899733322,2,14.0
39,0.1777087053411918,0.1480663604334225,0.0046865909309792,0.0008227117095555,0.0019624145184501,0.0192910348888332,0.201733637887578,0.2941767560475277,0.0005954507800719,0.0073859928758798,0.0009545314508202,0.0002697181652436,0.009159358273185,0.0007072145109804,0.0400125341965749,0.5533820027508776,0.3108787543013721,0.6034857873676386,0.0214663930280737,0.0240212111488986,0.3195164403396845,0.0623122064537523,0.0047292759087146,0.0002372323058002,0.0033478852438543,0.0197335101670064,0.0016718887769642,2.567235083580698e-05,0.2687556777507646,0.3848442266726242,0.0117139726459666,0.0041263775284579,0.2013307081243593,0.000262670596064,0.4562963374006885,0.1280395201035609,0.2264819192300745,0.1971515170439881,0.0039173002076725,0.004744602982353,0.001641758596783,0.0041026509624784,0.015,-10617.572921788566,0,10.0
40,0.3000461770126033,0.0809926793421593,0.0025316900142121,0.0083095151201774,0.0012732329023126,0.0622317701067507,0.4171437594824226,0.186021108257408,0.0038002055280473,0.0160025867201635,0.000271959467143,0.0105039812649954,0.0964639682314403,0.0543442926300116,0.0012480971496557,0.1685889599332198,0.0047525991335386,0.0220827358813265,0.0163838853168651,0.1733371266847146,0.3787063672395938,0.2104932415855654,0.0107102761404397,0.0005835096792511,0.0401902156634411,0.0077714464716495,0.0293303241042907,0.0023004688903082,0.0851796859128391,0.417229898323328,0.0491659730824696,0.0025976437443492,0.0031013023676015,0.0028246246298864,0.6269687563582607,0.174445234261273,0.0701116847965808,0.1793546228153478,0.0196491938288547,0.0168904226348277,0.023475283147172,0.0150598860135079,0.015,-15390.189285132634,1,12.0
41,0.0837790720244769,0.1409883802608181,0.0062249229782971,0.0051856665695849,0.0296305147126616,0.0820466165495221,0.0556403922297977,0.1266391596378873,0.1300438376517806,0.0126126681509239,0.0128633137335841,0.0532827743710658,0.0340243961398866,0.0468243024313732,0.0091170956435255,0.2455761084957158,0.042705560552128,0.0444233935723668,0.0332642125098225,0.0232863746032607,0.3324903404892085,0.0422155948112433,0.0554730050396955,0.0313782480749523,0.0256848841715782,0.104341594493628,0.0171074506747725,0.0031561141018856,0.0203112280370092,0.3805145405058587,0.0133385221147699,0.0417501875270937,0.022815790908761,0.0104018423969559,0.183256765909815,0.1351806969982984,0.1632635882937759,0.1086062134381733,0.0040224691574324,0.0247280059842235,0.0704229226475928,0.0280221131469238,0.015,-14834.864516545464,2,14.0
42,0.0026694150191568,0.01552999843042,0.0009911172746982,9.966430356551772e-05,0.0019220939980441,0.0031533591768887,0.039848420706712,0.0087169369856752,8.259750328457981e-06,0.0020552786809863,5.584400432590812e-05,3.412690527179336e-07,7.441654759547114e-05,2.908358017141947e-05,0.0132029040418672,0.2886761449448872,0.0782008782660893,0.1755791911245474,0.0001124276118272,0.0007468161397153,0.1740673033150212,0.0698968742878533,0.0112021233240361,5.94741436597658e-07,4.653232945866295e-05,0.0002229897349932,4.487693444840154e-05,3.008401543131993e-08,0.0816409490283019,0.2946152883893684,0.0001724097315107,1.1503747600046734e-05,0.0851833437185748,0.0194561491388334,0.2625188949053991,0.0630965423145042,0.3471164844377044,0.3461573543758013,0.0138473402662968,0.0113557447568828,0.0219225947890484,0.0249111241811675,0.1,-10636.76767059226,0,10.0
43,0.0168401653077002,0.0212300895184229,0.0001460646140452,0.0003321339921787,0.0022743256029376,0.0071889091003102,0.0866188856935517,0.0427248457503184,0.0005483387631065,0.0105784947373953,5.680610615957238e-05,0.0003156476227051,0.0131298718483262,0.0071108922892525,1.1496159181070428e-05,0.1689738959834741,0.0011215129035852,1.2517503501691845e-05,0.0015622119949995,0.0270163937157879,0.1776427320248908,0.0393702013921181,0.0189834456603493,5.314659695851208e-06,0.0001259295119357,0.001050519526208,0.0054752653987211,0.0008984884247137,0.0003916859580993,0.2441366546357019,0.0001024542992348,0.0001416245966704,0.0007959219819962,0.0001562697427773,0.4646036728269149,0.0009119338712737,0.2406737883719008,0.2397018255350972,0.0308946158650514,0.0270634826433219,0.0438139505870087,0.0623708877837549,0.1,-15373.868566643116,1,12.0
44,0.0136691179854575,0.0776715657417014,0.0042882358460177,0.000445781701607,0.003779032013468,0.0095640911416832,0.0505188617396337,0.0120834547514418,0.0635605695894969,0.0252495447823342,0.0013952974190212,0.0016319907377816,0.0114132929441401,4.122539328775885e-05,2.764246419198539e-05,0.2105180523168731,0.0002061826474662,0.0142840320863296,0.0002045045803401,0.0005676225707057,0.3182245648027071,0.0002449740496462,0.0060248717730943,0.0045666497040049,0.0008261919033564,0.0106667139126272,0.0013614146528714,0.0016069205559051,2.653810740985937e-06,0.2633654040005385,0.00082257760524,0.000502901618466,0.0162896130040147,0.0009809526870216,0.3320567708482654,0.0003451417591572,0.1839969060704773,0.1580073112195999,0.0190400048086005,0.027898582045819,0.0669570917386533,0.0805416766250446,0.1,-14802.697253205451,2,14.0
45,0.5056586855338586,0.2895074291041412,0.0041384115109413,0.0011303014324681,0.0210330135725924,0.0390658760165983,0.3450819915926907,0.5112757824126659,0.002857292154701,0.0003307789330712,0.025485587251806,0.030528193874393,0.0701288954553336,0.1287629242400538,0.1985412331840145,0.1365069441928927,0.1845417480574924,0.0039050095576109,0.0256971844858944,0.0812940492752503,0.1216180449309156,0.121165407983984,0.2574982760572549,0.2566208444027456,0.1198990698597505,0.169873672456385,0.0592658436738348,0.0822258286469753,0.2849700054499624,0.2865208635026502,0.1063942328124984,0.1735196966111683,0.0099328137297139,0.1690341458093983,0.1473678796074982,0.2128672882544453,0.045989205041842,0.0611024522668879,0.005792544894032,0.0015369089316907,0.0005148111220485,0.0001093287121025,0.01,-11948.879201881558,0,10.0
46,0.1319653414818243,0.2762962425965639,0.0132668825425632,0.0103584715474043,0.0184283227671641,0.0062177348813525,0.0771580981377158,0.3195349263843877,0.0041634363608299,0.0021209519447088,0.0181032485101277,0.0071057949964234,0.0160970129689935,0.1702368717401281,0.0036338606926916,0.1027554232650062,0.0333712194341868,0.0402413602285989,0.0162439347374144,0.1733771424113552,0.2200752813448009,0.154148653055676,0.0081359725988318,0.0061646655259176,0.0093130791517014,0.0822881436097978,0.0127879480260024,0.0569856353549782,0.2046012991828178,0.135573767549582,0.0130131164586223,0.080340847724968,0.0217284201366674,0.0022677411977812,0.4636089728915032,0.237507916752057,0.257135342714737,0.1122050692621265,0.0187173704475906,0.0159232060564918,0.0245274267119189,0.0486861901105168,0.01,-16728.853482536226,1,12.0
47,0.145396763529959,0.0662357843329761,0.0037060872433438,0.0041710917556431,0.0193731169161751,0.0355703844241834,0.1141385686112529,0.1106470221414707,0.0083813670810272,0.0126360961458194,0.0180918909133198,0.0165035841900274,0.062367719166036,0.0435536581049203,0.0434664567047197,0.098752255451665,0.0180478837063399,0.0390017610971306,0.0683754579691214,0.0491820087557601,0.0295237251323028,0.2002447906142858,0.0160285151697644,0.0232153168150042,0.034685998585187,0.0409246262391877,0.0127740133803332,0.0114386702742566,0.0735586747043606,0.1276799484241763,0.0365438750907826,0.0238774501091695,0.0188425741752957,0.0070206954668824,0.0985291871794234,0.1792209673108305,0.2052866441726576,0.2452799901009333,0.032688447647295,0.0153794979815017,0.088804778599671,0.0549979578574582,0.01,-17079.26073799889,2,14.0
48,0.473861396253261,0.3269917612176129,0.0045055911252536,0.0007372911707889,0.0196387555896985,0.0385361169343972,0.3477990697909047,0.4997971854413177,0.0023135949464542,0.0002081793801784,0.0297583184119955,0.0276568137866035,0.0333653190100319,0.1416103656093803,0.1722335502067508,0.190619265222696,0.162034076650903,0.0016501135650997,0.0331641447563739,0.0913505214179307,0.1633183703502053,0.11157668250454,0.1701125640980412,0.3198251274789351,0.1612880845599775,0.1720655416702222,0.0446074183690834,0.0553034352117608,0.2844483570699851,0.3108836337775856,0.1319184499264057,0.1972601768295706,0.012234998615596,0.1792019535770068,0.1692884266531766,0.185736161216377,0.051782679024095,0.0477952745957499,0.0059570638592984,0.0015928830867099,7.535927379601335e-05,0.0002114750089695,0.015,-11953.0449881289,0,10.0
49,0.1788459734371223,0.3102590184364395,0.0064743411763942,0.012353217384693,0.0067704138384755,0.0100648430323071,0.1137193824301767,0.3490704270762949,0.0007949814982336,0.001411658648497,0.0076726812800112,0.0103366963522364,0.0155735894735996,0.2342039384076335,0.001242022646408,0.1516035280963014,0.0073013818576818,0.0967267078189972,0.0188948396232717,0.2558713024131906,0.239710029282694,0.1123356653441916,0.0027308894492327,0.0091893205553429,0.0117762387593814,0.1112595289885093,0.0087307893535964,0.0607707447509843,0.1503477123308908,0.177895816808556,0.0209321118723661,0.1023250895138394,0.0073605880788037,0.0006601412306129,0.4645887579883436,0.232552074834667,0.228444137018478,0.0806832209887667,0.0230307590458572,0.0149345568458022,0.0375840111334316,0.0404111497027226,0.015,-16734.73768679313,1,12.0
50,0.1625469022579392,0.0675729286651829,0.0015695603913382,0.0030113627938551,0.0448058187211279,0.0173682248786387,0.1987165392396713,0.079351324378753,0.0073916323002475,0.0168408403650919,0.0561589794395505,0.0044834107784352,0.0742166459281054,0.0247807728763835,0.0490058324098839,0.1570898943720788,0.0470341216455999,0.0157715760258419,0.0665691137896246,0.0313020435631467,0.1151750608065719,0.2736807273001596,0.0460905531109572,0.0060325530589832,0.0258266677201241,0.0266697363379357,0.0116127217674808,0.0129562008014288,0.1332248171118942,0.1690392272620254,0.0293606746275043,0.010360189576373,0.0259085653753564,0.0072444936226856,0.3137613400424996,0.1399092361019337,0.1754004441349152,0.2586762843715365,0.0298753159512449,0.0092469663457128,0.0373420701873219,0.0645557713096268,0.015,-17078.68468664342,2,14.0
51,0.2056749981961184,0.2699602290297078,0.0038027438052563,0.0015547433689416,0.0055013543312176,0.0465964267518023,0.1802720615827186,0.2730093620691168,0.0002252111956531,0.0027138950508552,0.0494795607511948,0.0235704327657515,0.0262646624285806,0.0499138130583288,0.0049273082344544,0.2052757130580615,0.1103042356055333,0.0047564094680815,0.1329490013574461,0.0260868527922254,0.1686201876076349,0.0748749216360448,0.0209584010650208,0.2520086787105626,0.1053314308186482,0.1005867529000268,0.0163408758640709,0.0363081742602399,0.0896671668312928,0.3055604238771587,0.1644856725778954,0.1094879772338533,0.0074508134845481,0.0720313601223736,0.2247635630757486,0.0322871616348512,0.2100010833550856,0.1620694926431201,0.0112686304173521,0.0075678882113833,0.0074546826943009,0.0084714387998867,0.1,-12117.90739409336,0,10.0
52,0.0064696215462016,0.0134144822472686,0.0020864473759584,0.0031470903268276,3.119509632174168e-05,1.6241446650032114e-05,0.0074650158791306,0.0137953697001241,4.2006619364721415e-06,7.153762667138136e-06,0.0005804489790941,6.505199135145006e-06,1.5599856550871342e-05,0.0050024121395579,0.0166702589230853,0.1317548332618825,2.221433958575147e-07,0.0033588407660527,5.265286098514272e-05,0.0309124399742301,0.0943315505718462,4.362100465312807e-07,7.549086679848491e-06,0.0005999866746617,2.4016798518622778e-05,0.0015380226185986,0.0095607219042875,0.0017501699845116,0.0019459224050512,0.1521214733363501,0.0001545277273959,0.0009839964203368,7.69550382718405e-06,4.072950390705764e-12,0.2921306787366837,0.0064049848980682,0.323978268260198,0.3235476312627335,0.0296960990615759,0.0286373645594493,0.0715250268865718,0.072653784001525,0.1,-16724.21407503115,1,12.0
53,0.0071857583519586,0.0232688370262293,6.038712379592134e-05,6.251582084936394e-06,0.0006736975913675,0.0007009969415627,0.0762471435289167,0.0035423487165333,0.0004789519802067,0.0002246003067924,0.0010921367936812,6.954108257914703e-05,0.0022145657319624,0.0001083290475063,0.0302947432332352,0.097376009771901,0.0018276265295762,0.001547145943089,0.0012713242425109,0.000339135202191,0.1401467220223091,0.1148781357239982,0.0001193638787962,0.0002637851260464,0.0004888839956877,0.0013598095314313,0.0018114888481462,0.0034625656019284,0.0008705539114446,0.1043111393979949,0.0004212969926612,0.0003642492003126,0.0013665050596181,0.0001081484703331,0.2257933432457558,0.0036814606361208,0.2692651639720547,0.3008608485563808,0.0361476096080988,0.0248580776016337,0.0955488535352705,0.0936913606185691,0.1,-17068.568512969166,2,14.0
54,0.184967715491835,0.1118343433664919,9.697078871573488e-05,0.0019270053077911,0.0009545411551712,0.0019439206885167,0.158685375427895,0.0961355479577169,0.0005038327207001,0.0023213178337083,0.002245209293101,0.0017933766698831,0.1585396620725116,0.0094073199134142,0.1094635964782718,0.3691911531402155,0.0457851150490782,0.0011643447846769,0.0913051258409782,0.0152095461611754,0.5808985293647494,0.0022788682316853,0.0009954662511089,0.2329442414745822,0.0837881845952718,0.0442303373979759,0.0203078675412861,1.3851551681357628e-06,0.1966883616061893,0.4685478887047007,0.0625242312021027,0.0265285009348048,0.0460642921782861,0.0003298717979003,0.1441931177491037,0.2542857906985179,0.2888698898186144,0.3125583166179063,0.0002829793693613,0.0060921663812854,0.0169828751457276,0.016401560164098,0.01,-10734.348472131029,0,10.0
55,0.227459044635964,0.121517657554802,0.0008744406086756,0.0031530760931671,0.0028718841923666,0.0090680006065141,0.1036284451051141,0.1957505125504597,0.0020609781294002,0.0082881768478154,0.0029125936257841,0.0119865076139068,0.0503939636101598,0.0314012168086142,0.0046691607276282,0.3102471153979607,0.1730520098085379,0.0042127102737313,0.0329246993695206,0.01158447531463,0.3900656430228776,0.1988861575580087,0.3657175507541211,0.0071128250881961,0.0463088156452613,0.0128760651405522,0.0034732236912194,0.0079843024330497,0.2174993446590349,0.3580399969514472,0.0498298920233553,0.0211879455139714,0.0233583669178689,0.0635955542477157,0.0788198866266216,0.2051412288029347,0.2612816734094333,0.2609872355803281,0.0087731609727955,0.0014365391956236,0.0246731572942413,0.014709241404859,0.01,-15202.83242650502,1,12.0
56,0.2091381985153007,0.1119940175702466,0.000172544443977,0.0025149948357614,0.0094519221630401,0.0227253879716505,0.1227155544907621,0.1400218173630027,0.0030816583453968,0.0128401999828244,0.0171119449291595,0.0184543425616183,0.1869315245086717,0.0802768632537903,0.2225525909829941,0.0231185199844938,0.0263971448370349,0.0065973621438836,0.0611957940267473,0.0798271073142344,0.3934746476264084,0.2383254112130043,0.0141695030096993,0.0071559996613663,0.0638332044013891,0.0425623484967046,0.0017058063179973,0.0341675383901036,0.0449327232106401,0.225070853702122,0.06871976000441,0.0390757235774767,0.0029114931808593,0.0407304350589645,0.0584246825871095,0.1143635735239887,0.1993442564110432,0.2209023438766156,0.0084877587864021,0.0074061481441113,0.0563860433092992,0.0396925129167546,0.01,-15278.325325743812,2,14.0
57,0.1207213844731867,0.1125251588391661,8.606236287419698e-05,0.0020501589667666,0.0029925048652521,0.0028193751154556,0.1208539931073294,0.0820767477585928,0.0008011549238723,0.0026352192200724,0.0070384189442003,0.0023683276762464,0.1324536922441732,0.0069512648021708,0.1429598510618761,0.3471996480470954,0.0710227858418491,0.0009186626576462,0.0610017471150967,0.0147857942301932,0.5045910275001356,0.0052987114330876,0.0035954678840644,0.1543112684507883,0.062742880247542,0.0372788171419282,0.0162169789744223,1.2139668163737618e-06,0.1519579970143894,0.4474289575440692,0.0435671504478299,0.0226213998912982,0.034665911453697,0.0001489071746856,0.1593889746141981,0.2241326900890912,0.3329308679551489,0.3176920841417305,0.0012228715882194,0.0060674149566237,0.0144617427159885,0.0184990205010442,0.015,-10733.33198414023,0,10.0
58,0.1368368444081189,0.1866813213124325,0.0010039760739204,0.001780418823707,0.0164846392963224,0.0018057715265058,0.0653719839403568,0.2774158428326646,0.0027135028198602,0.003774785547491,0.0159365095170518,0.0026371153431976,0.0323483128475751,0.0659685667647805,0.0040520812427916,0.2757955084394082,0.2686860319078294,0.0010564720138533,0.0191780988280364,0.0240300828818752,0.3615446528971381,0.1781675183711594,0.4047465840427904,0.0026293971667171,0.0309378619881712,0.0273673019802367,0.0021414042306755,0.0034346711799407,0.2416499290861118,0.2639192493568404,0.0273605083012786,0.0479566717370952,0.015405482004696,0.0434977423047522,0.1688068363332608,0.1387851645271827,0.313463845004955,0.2006387125076911,0.0094431420381715,0.0059057708110366,0.005818755786778,0.0293875831627257,0.015,-15205.94563494516,1,12.0
59,0.2260235268253896,0.1088671977969125,0.0001514244739018,0.0002901686093384,0.0139142835919843,0.014463613701669,0.160022393946231,0.1028835829620574,0.008682727309137,0.0042042745543525,0.028142896477937,0.0091107212970347,0.2405461182050901,0.0619361046304558,0.2322556826759796,0.0498457490598788,0.050177659503645,0.0013793701823674,0.0809198997852359,0.0611581684696652,0.402597120223668,0.1996011091252889,0.0178864796125276,0.0012926380647363,0.0641287213064374,0.0236710058896938,0.0047932603652525,0.012645757979622,0.0675612039989271,0.2749183254249969,0.0946506598945768,0.0191086486756227,0.0045844105511773,0.0152244507061311,0.1473112326162584,0.0829853658476944,0.1782676779215692,0.2366217567441774,0.0059216140226168,0.0144619205104855,0.0424202868379026,0.044037059413139,0.015,-15278.982931278166,2,14.0
60,0.0010978231520048,0.0360093994800833,5.555607395074172e-07,5.912452966246423e-05,5.0985992220135183e-05,0.0007397864768397,0.0124814055439372,0.0017122311565359,0.0007882509625585,0.0043656888693408,4.331909513808519e-05,6.970450247180159e-05,0.0026548261839029,7.869982201471647e-05,0.0807633062133302,0.1518679555647157,0.0171113621150187,3.4073130783195963e-10,3.944122481379656e-05,0.0037294167605112,0.277584825370331,0.0432337297354689,7.571300421607364e-06,7.560684081413357e-07,0.0025547872569402,0.0006639461024753,0.0432669917469494,1.8024927347507327e-06,0.0025997758467251,0.1987795082992093,0.0009909128827555,0.0002385052261368,1.6138838649607612e-05,7.3104407840945e-09,0.1361766946092182,0.0150797996984927,0.4336814067014548,0.3849570917890838,0.0052471470055426,0.0078785033609916,0.0246503596071822,0.0390364610396373,0.1,-10729.751394652878,0,10.0
61,0.0018474355075065,0.0279991847667914,2.5845497303771087e-05,1.2236503856249614e-06,7.934497539265097e-05,6.0648463377192e-05,0.006078578390312,0.0057581992225261,0.0004298884847098,0.0004497239903492,0.0003077990409334,8.271024274431435e-05,0.0006337007761482,0.0002457961692252,0.0434641297982941,0.0962782233116241,0.1021578995228156,5.056139272419168e-08,6.905000888330816e-05,9.701360221652915e-06,0.2219492913332691,0.0596724413217465,0.1938003134776486,6.022838058211301e-09,0.0009290097855629,7.481833062519834e-05,0.0007470942920239,7.857824852923815e-08,0.0220845707034338,0.0881726548185563,0.0003102635206325,0.0002495388401265,0.0012556029137261,0.0210057423443348,0.121179804452308,0.0021148495915564,0.3930161281462901,0.3722913286140315,0.0133348853703576,0.0147106390376481,0.0389501644250898,0.0471967354640585,0.1,-15206.895628243785,1,12.0
62,0.0004635708383554,0.091395844415505,5.080827350625232e-09,9.48440276477986e-09,0.0001172033130196,0.0002499561799466,0.0131136174653584,0.0063414486778418,0.0143772480556089,0.0013590639694696,0.0001663557520931,9.135822393727328e-06,7.091204437184851e-05,0.0022536999571811,0.0475797356053292,0.1032974178787913,0.0157743890686069,1.989259272469466e-06,0.0007490087424866,0.00393931313314,0.2050541213642893,0.0994982107386695,0.0009588914693975,1.2846169955569669e-11,1.9850007825772763e-05,0.0019560429063194,5.010817915112861e-06,0.00177830177378,0.0001284018735726,0.2158129909488878,0.0026045762003796,5.091398146713402e-05,2.960572784690726e-07,0.0033584844889207,0.1802033758931507,0.0001529115006743,0.3137318856223132,0.2772621496323114,0.014089984830128,0.0181728400171078,0.0587600183907832,0.0618224257631675,0.1,-15266.045542972586,2,14.0
63,0.1347949991704264,0.1207374697835841,0.0025315376043855,0.0025576488702633,0.004481755913101,0.0014953239761233,0.0924458904085034,0.1967679999735903,0.0022296711293985,0.0028234407898597,0.0012314226299143,0.0008931106859944,0.045147010426353,0.0326100845679434,0.2653016460271873,0.3099572021782898,0.0227992744473373,0.0016430959540152,0.0459512793885392,0.013860770711852,0.3073938688196114,0.4029985129782271,0.0122063107203909,0.0001951683690881,0.0420618182786614,0.0246487179152294,0.0007878379211009,0.0054209182093575,0.3719382023462924,0.2425786415863518,0.0234889756346625,0.0456626287774807,0.000322168965762,0.00143121285032,0.2059375281336168,0.4714958665216306,0.2961145220019448,0.2640893414659548,0.0088903226100498,0.0099912579467632,0.0063010743520575,0.010600764265144,0.01,-10817.873300958216,0,10.0
64,0.1397564091765898,0.1556115891018417,0.0016588573210477,0.0033950385381457,0.0041185109803448,0.0063500955876915,0.1242608761593638,0.1870691642181413,0.0035129388464071,0.0081735829921566,0.0019384444395051,0.0024189573616496,0.0350286044995963,0.0374488996963897,0.2718034634115331,0.2059928752554204,1.1305645105440905e-05,0.0019845013087134,0.0317525484348966,0.0355086678293598,0.3871514052859484,0.3343569293710285,7.319445123601575e-05,0.0005207747473185,0.0232343876192268,0.0373156843529469,6.189000264127102e-05,0.0015616098335146,0.223728855467737,0.4462971297252109,0.0257004808470333,0.025876998114968,2.003086961213432e-05,0.0018893333370977,0.4938101326654883,0.220381570321794,0.2092616581408063,0.1850862988524028,0.0083570276743834,0.0202774719611152,0.0029244207464844,0.0153295322890892,0.01,-13999.87284313162,1,12.0
65,0.1736272360693213,0.2448835655133554,0.0032714211204035,0.0023535552943728,0.0007168456261476,0.0012175106904382,0.1582996377181443,0.2425401578306528,0.0035334782139886,0.0053054425478576,0.000484256982991,0.0007882371121095,0.0713238523228093,0.117584268455523,0.5654977853615617,0.5767885032136594,4.313703514019746e-07,1.4743716434715068e-06,0.0716848250243759,0.191451937384489,0.2971125655325567,0.2595533439294112,4.721186136925096e-05,6.944280578032673e-06,0.1151572639069771,0.1243488566811584,7.940062661407028e-07,0.0002958772118665,0.1703702044941632,0.555643346813135,0.0977501974992593,0.1949484713728372,8.745032759543362e-06,0.0002738199728217,0.5830842362268351,0.196479429966141,0.1619474932539686,0.1092385448581022,0.0014196101156859,0.0094520914024698,0.0051044264054053,0.0153383339261443,0.01,-13540.24167002914,2,14.0
66,0.1320374656934864,0.3238660827773716,0.0029888553475701,0.0024357754022485,0.0047124733542884,0.000472653615515,0.2011445357800567,0.2057304787390123,0.003412399354963,0.0060949637708023,0.0003276799696623,0.0001381008055022,0.0477239652207755,0.0144018111649597,0.2405726071088964,0.3658489895693569,0.115027311627919,0.0056246712054538,0.0928131235484618,0.0014095103271279,0.300001098129886,0.3314112497618277,0.0050456464793659,2.385878304385967e-07,0.0369344381851097,0.0084581188493601,4.019242780492166e-05,0.0004181997324602,0.3183990895169217,0.3178377463493122,0.0129029415573706,0.0461714935883744,8.506581963838888e-05,3.59237916951273e-05,0.2820792502905547,0.4377260359953266,0.2538933126788832,0.1832508211913237,0.0089834159120862,0.0094725647061726,0.0030791312442829,0.010256828675608,0.015,-10816.855646110726,0,10.0
67,0.1643352338851869,0.1856944533774175,0.0008418918916187,0.0019261400411201,0.0077440035356289,0.0045966427891041,0.2089156774435278,0.1505138528836057,0.002485913164397,0.0079345461563182,0.0023897271296532,0.001106286387375,0.04031447734861,0.0190909749795317,0.2397357465681898,0.2510808415341758,4.0388260540920615e-06,0.0018431715160374,0.0347722735272538,0.0212107290130105,0.4051641010378183,0.3640130171820659,2.345369277360828e-05,0.0002361708327353,0.0274258153242517,0.0402006004199181,7.146898468944203e-06,0.000154615964512,0.2059909102772354,0.4908854102930551,0.0331427553004239,0.0181533442882949,1.2203466208488275e-06,0.0007484223811145,0.5248762290598568,0.1715913119983972,0.1768697518266036,0.1881674551031044,0.009152657899725,0.0176415071654874,0.0009103851453785,0.0166531723247584,0.015,-13983.733335815952,1,12.0
68,0.1452271933012679,0.2752434099202825,0.0027718803269708,0.001926780952253,0.000281182911841,0.0006940624357562,0.2244649708389734,0.1602467003503881,0.0034078014141045,0.0071757404871923,0.0001384934033459,0.0002528176213909,0.0592317067595128,0.0620230126877533,0.4726508065167751,0.575146250053359,2.4974061055298263e-08,3.728089358028215e-08,0.0524351340541473,0.1413755339334435,0.3826142858953741,0.2386141400411045,3.631317974140357e-05,2.1244032030134021e-07,0.100413511592536,0.0631361362329418,7.738224628801842e-09,0.0001895970626795,0.1067748635836927,0.6387491586821261,0.0749110246162562,0.0946865602941958,2.461468754542072e-07,0.0001523339086389,0.6489587117200257,0.1181993842634836,0.1546487682264557,0.1327648534110667,0.0011272897946843,0.0099202521080837,0.0045629331047157,0.015867874669026,0.015,-13516.405413783485,2,14.0
69,0.0020401928114715,0.0335645007064354,5.289615284574108e-05,3.2496739671075754e-05,0.0010970346902322,0.0003629292506986,0.038867248357904,0.001563921084666,0.001665855262905,0.0003921233817953,6.96077350124892e-05,3.75492492599776e-05,0.0015442636780801,4.979349582259918e-05,0.0391126625345158,0.1945663717824481,0.0118713327502167,0.0003319946761415,0.0338294120826136,1.900603664677133e-06,0.1460169157900427,0.1413146582683053,8.256607318954901e-07,1.1688972797022702e-09,0.0002487029333459,0.0012773901261834,2.9592572782345528e-05,3.6461529257185837e-10,0.1427110558851288,0.2444049276996054,0.0006214380840468,0.000102514001094,2.5142565247966703e-05,1.921623360636097e-11,0.1913415824579622,0.2291262884532715,0.3702830026114902,0.3750075231344942,0.0208800482843788,0.0229457686750434,0.0150008259359402,0.0192712212222079,0.1,-10821.31829146346,0,10.0
70,0.0037276273384736,0.2435358789068283,6.628249551156605e-05,0.0001352409145813,0.0093513883412308,0.0013285750479139,0.1391194457521705,0.0064890179315644,0.00454694568726,0.0139624015753119,0.0002392534713399,4.105788273313204e-05,0.0008843613566054,0.0002319137965621,0.059891007888012,0.2922411707461716,3.8798952617569685e-10,0.0002338120287797,0.0006679514002117,0.00136741620389,0.3288952769939845,0.1511883659956216,1.7393282069146362e-11,0.0018684579321566,0.0006748135325656,0.0099811039506627,1.6767194105693466e-06,4.0810771062320865e-11,0.1245327722142603,0.4293778187945778,0.0004794950460112,0.0032399611149031,2.3153035010427522e-07,1.2822852376148312e-05,0.3432798435496871,0.0439369711597342,0.2480599089547634,0.2155766890119888,0.0191811601875866,0.0248290840609571,0.0102762981477808,0.0244240010094831,0.1,-13942.955546973351,1,12.0
71,0.0019834611304701,0.2773790802024291,0.0048646789028224,0.0005117712663374,0.0121977108525015,0.0067344680911774,0.1661702132510417,0.0043020476040061,0.0134865745147642,0.006772825707306,0.0016381273764337,2.111053797633884e-05,0.0038141954217122,0.0006619238197302,0.1257570391788755,0.4093121012952953,1.569344469979595e-09,2.113963039178203e-11,0.0009754509512185,0.0020090113503868,0.4466194145245651,0.1330487498504341,0.0001147109115951,1.4933310897397098e-08,0.0004452497768612,0.0003413540532736,1.6534233834478909e-15,5.620068021684623e-07,0.0238442168898026,0.5773195077425718,0.0002752591271172,0.0001060489055518,1.2323681585978109e-12,5.516329968261685e-07,0.5370781966859108,0.0335146102887371,0.2176352841915368,0.1864308228556876,0.0073139161562618,0.0205602953010333,0.0090178736731721,0.020260790316519,0.1,-13435.52663030338,2,14.0
72,0.2426165641287929,0.0923268365800755,0.0119239010101175,0.0054902666910096,0.0006678814415202,0.003690593850616,0.2510139768166414,0.0885307845323215,0.0046274252373306,0.0027743605781163,0.0015616636578196,0.0068340188768866,0.0146073202635407,0.0179294258926411,0.001789650970021,0.4793744662087322,0.0001481880363236,0.2415934266166842,0.0051315894008773,0.012344024343624,0.3996163691530468,0.2080571127003811,0.0020689566177151,0.0021701973789748,0.0108565731205532,0.0311079275092795,0.1624190281697986,3.014670889781925e-07,0.2291574070513851,0.4037707747126678,0.0300079659652848,0.0035482600408614,0.0289636741547475,0.0470782453273679,0.4744091928262537,0.0773836966911832,0.2020132889892716,0.3170916651512689,0.0074578239280093,0.0020108250176615,0.0099818366014274,0.0068565779654576,0.01,-10989.506459394272,0,10.0
73,0.1705225240145622,0.3006117669476151,0.0005867031391599,0.0062429227741464,0.0096009981070824,0.0142333196063656,0.201490863604969,0.2821848966224543,0.0008980263299562,0.0063472455080581,0.0025545999220938,0.0024654549603105,0.0049612429825918,0.0402665157689276,0.2772060531247447,0.3677964691980758,0.0002720040412996,0.0069288692573923,0.0084378544944039,0.0902505960340157,0.2142636909412884,0.2514344186685909,0.0003224155234391,0.0017324676539521,0.0041411950184171,0.075662727682447,0.0004325369877039,0.0025438108951422,0.2346067873695788,0.5291979684254181,0.0022055747369383,0.028982984463761,0.0119730441378289,0.0897216779384483,0.4820404994443649,0.1638688008833055,0.1873247431825058,0.1173008128151185,0.0261078648481695,0.0092510022853663,0.0081900893135308,0.0125211237966972,0.01,-15102.17792981713,1,12.0
74,0.1526980085922159,0.1600211428711203,0.0149431001649187,0.002493695471182,0.0136470253178826,0.010905576551925,0.1758500363284717,0.1799499218625499,0.0117761634469553,0.0099774264630169,0.0112317567136802,0.0022642932445841,0.0498927566019487,0.0484255450378675,0.0990360124140174,0.2508971654759597,0.0014198559774545,0.0005774688506276,0.0325843006676159,0.0435091538572004,0.5344607514852746,0.1698864537279868,0.0014308794530852,0.0010965980457685,0.0357022225689707,0.1348214801663917,0.0061708103529427,0.0017019200069039,0.0751802902217464,0.0922213293885661,0.0415186021967854,0.0542939991807336,0.004851441387237,0.0007950173077198,0.3486637038808342,0.4359105201185689,0.1632319384202204,0.1478065697162474,0.010502903135628,0.0310543062089942,0.0249904200146106,0.0318972317586749,0.01,-15216.224905339426,2,14.0
75,0.2328231374089145,0.0774236876119249,0.015706223168615,0.0011341698029179,0.0043324268475281,0.0013722538555404,0.2734027288029902,0.0686394624837454,0.0054694749225453,0.0011370974355685,0.007679082432576,0.0053426029368593,0.0369908380274558,0.0146270070953708,0.0025639600319652,0.3680443872621499,7.903101486234539e-05,0.2225124004254433,0.0090552534996384,0.0101475960690949,0.4187022800277732,0.2199565127224996,0.0015840013013055,0.0036268318398433,0.0121158754992639,0.0304439731000144,0.1640272003761537,1.1876704242230388e-06,0.2728311407244947,0.3840252153825352,0.0699642041521664,0.0038782640871173,0.0214068037904182,0.0612905129782613,0.3924138568079562,0.0757213288099642,0.1939175387412018,0.3302719954792815,0.0052030563726131,0.0066506446959311,0.007347824100741,0.0093455547447196,0.015,-10988.095459700737,0,10.0
76,0.1988705917797912,0.384328103359318,0.0002873588559916,0.0004811209578954,0.0074782737978012,0.0089014992624395,0.4624874125649048,0.2115187898218456,0.0006688658035003,0.0005797758173109,0.000703596448006,0.0004935573345065,0.0330974762982653,0.0315067530771742,0.2076779714062779,0.3348809612955359,2.664900424180356e-05,0.0033453959492489,0.0343462500610634,0.0957513534715157,0.276428471537806,0.2185999638529191,1.220465544066482e-05,0.0003782680283142,0.0095457548418258,0.084282894539032,0.0001094724326552,0.0003758165026311,0.1943096137649099,0.5174072147791611,0.0074217505426094,0.0257230181732445,0.0074955016405021,0.0510531152290667,0.5287507691544779,0.1277856381172689,0.097474074352277,0.1127697248566582,0.0269616055703523,0.0177110211033482,0.0087282670572644,0.0170431798826836,0.015,-15091.0247248873,1,12.0
77,0.1928176943387043,0.1234663393660734,0.0086707748515264,0.0018667073500674,0.0111798752753692,0.0075547844493182,0.297585788306438,0.1103043216900528,0.008438460970916,0.0088103843888357,0.0083725089801448,0.0010109711799658,0.0946267842428053,0.0207507206939328,0.0835459040819585,0.3286436291419005,0.0004677419318982,0.0001315697988514,0.0551435929332877,0.0267893596138815,0.528159714257764,0.1296330538059731,0.0008009005233522,0.0005543102039959,0.0500365744454736,0.0780178062951893,0.0048955079374241,0.0015484385701811,0.0514884981233292,0.1253650387518713,0.0695048775092906,0.0263249901654282,0.0032047780905881,0.000628383983594,0.3706001902912215,0.4221476283886186,0.1162592613574498,0.1814450351062389,0.0140068813814917,0.0295779590963367,0.0261477306963676,0.0319596579512728,0.015,-15203.314580021946,2,14.0
78,0.0034528461818441,0.0201037073854357,0.0001289750113067,1.985400680866753e-05,0.008758301183896,1.281176744879314e-05,0.039990003836093,0.0009755866551634,0.0001422729118623,0.0002983314581921,4.910163055464565e-05,0.0001180062054215,0.012775524603707,5.240559378374101e-05,2.728666427099468e-05,0.1305721321108969,1.0196446936021207e-10,0.0006481082782963,3.33857363704032e-05,0.0001140007003194,0.2508578931200852,0.0924738698802333,1.5221247721037348e-11,0.0017403470301172,7.0002102556298e-05,0.0010965987641128,0.0312710313694746,4.644358897957928e-06,0.1158224376272364,0.1791953039701328,0.0012573415111705,0.0001508920989554,7.908190877309325e-07,0.0278086281491758,0.2492825145508401,0.0492960459320332,0.3764255050516573,0.3803211104534391,0.0228108852827417,0.0187645668402883,0.0185644207079415,0.0261828787465811,0.1,-10983.65831749358,0,10.0
79,0.0090644828175177,0.1980585742274694,9.887503188544296e-06,6.238985655737006e-05,0.0184337756738445,0.0013923725689093,0.1944046811605941,0.0061207024376898,0.0016735873387606,0.0019901732402131,0.0003592994836604,1.0016063133228583e-05,0.0025419173014581,0.0002015034605202,0.0011355473829434,0.1915112524099367,0.0004125613070762,8.322536351120038e-05,0.0002766758121332,0.0008183827074437,0.2726914390338265,0.0307896910591575,0.0003916410595254,0.000176799323562,0.0003313541801153,0.0054261776547336,0.000251488810025,0.0001578117080869,0.0611607061329158,0.335821027005222,0.0008839606058844,0.0008747106327427,7.259127997618832e-05,0.0004724346447533,0.4162035261730801,0.0063344851686154,0.2369150407142157,0.2394321568649849,0.0377070267657373,0.0360884388963151,0.0167551792176671,0.033592512142961,0.1,-15077.431679441392,1,12.0
80,0.0070569340286979,0.1044862555075012,0.0006367932670064,0.0001557576368954,0.0141393181132615,0.0080623186358329,0.182496912894287,0.0030905372990305,0.0066005404292482,0.0010675026291463,0.001494772577566,9.772899323325352e-05,0.0034400566896709,3.9116745480603344e-05,0.0260404540124433,0.3350128752449782,6.27634828967493e-06,6.017408054118824e-06,0.0005559971593664,0.0014131704033506,0.3914927472162005,0.0111837529276952,0.0003247976052908,0.0001194136254253,0.0003098310914879,0.0066506337660903,0.0019347211615575,0.0013989082938876,0.0036853611947607,0.2928143660694931,0.0021737706745015,0.0019759572610379,0.0003274212673541,2.4371611817680483e-05,0.288264477426873,0.1509460627618846,0.2064200789947578,0.2209064992496778,0.0272711727888663,0.0381216931116589,0.0358624707047822,0.0413212981796675,0.1,-15150.499477830208,2,14.0
81,0.0958586191091605,0.2435110901702381,0.0014897136177628,0.0298978826879584,0.004237251695747,0.0153840422565263,0.0813796011984609,0.2252018125893058,0.0074655871233374,0.004741023748073,0.0046853492684047,0.0020498610943806,0.0113955515278834,0.0615911537941716,0.0596480730048891,0.0577469974215937,0.0001711922311842,1.85244726096542e-05,0.042289313766413,0.0531309091302544,0.3178766524554858,0.0352220033044734,0.0069074880615919,0.0017597121062809,0.0007365942573591,0.0142412959937315,0.1054454661854146,0.0458264641633175,0.4629869461144659,0.3516317809908578,0.0023391285311855,0.0560328933141183,0.0715431804985563,0.0011269651128132,0.4055453508878643,0.093338681541714,0.3099210095052097,0.1926149446844264,0.0076089258548547,0.002044576437473,0.0023488265259223,0.0055566566230663,0.01,-10140.68440288412,0,10.0
82,0.2630060738594721,0.1564249730472236,0.0023550382239189,0.001723855815145,0.0089882435170531,0.0044091386038539,0.2602527381579597,0.1926053644479369,0.0045273574924835,0.012959445914121,0.0040043407880933,0.0011411021345835,0.1025382147189698,0.0559809992185834,0.0026689252471496,0.2394091062609075,0.0005491271577493,0.0003837468965146,0.0692681014785194,0.035244002512821,0.1537676249276987,0.1129759574159333,9.290718137311889e-05,7.944352849930476e-05,0.0528618406418195,0.0234745820583273,0.2477011735937918,0.0188059545386412,0.013649714166058,0.1140634362256947,0.0789525492291242,0.0371119021028596,0.000764721301287,0.0095870490118158,0.6453037682719658,0.3052817919938043,0.1442944289721197,0.1847453206710679,0.0111917864109818,0.0080021710198805,0.0062439904310417,0.016097011701028,0.01,-12979.6137366622,1,12.0
83,0.1288065362067928,0.1129953429723139,0.0026048549471517,0.0003498752541747,0.0135560312341278,0.0059774275828074,0.112518330240783,0.1257888680051808,0.0033441868331298,0.0014834071980174,0.0036169502868622,0.0020326660709094,0.053422831050734,0.021100386753825,0.5206512080686387,0.6520360540527447,7.874331532354215e-05,0.0140185549430076,0.0526805123820684,0.0129678741795444,0.1352445039417291,0.2088783063389932,0.0002227470239189,0.0815545944257268,0.047504788500953,0.0421579891174842,0.0002813010533478,2.276896592264777e-05,0.2195771836351565,0.3608032846551401,0.0461544674214643,0.0332612141923718,0.0036636699641378,0.0098453493602965,0.5239299584277505,0.2224981181438129,0.1875523285064493,0.1898814880446208,0.0082615433169103,0.0036597464434487,0.0028035446843529,0.006124437770741,0.01,-12082.808639462866,2,14.0
84,0.1614691500734583,0.1586199990081641,0.0006441937060245,0.0148315323252683,0.0012714415385643,0.0179692730645777,0.2010089097107161,0.1186204904517858,0.0097393201953702,0.0019278540574644,0.0013429758435627,0.0007937646000141,0.0350817537022509,0.0241555848093337,0.0406064273041761,0.1065350442216567,2.798299693848836e-06,5.169957775387822e-07,0.0812455738129813,0.0221951559634498,0.3352848750781155,0.0275619092464325,0.0006650948824412,0.0006894213651665,0.0027173663329372,0.0059171739964255,0.1110723850020223,0.0462654263586994,0.346164983112372,0.322033389780922,0.0058503102877428,0.0241152697194902,0.036103870507448,0.0001481628403069,0.3939102278535423,0.1221059831733741,0.2403545731990167,0.2642460185377726,0.0077838212904449,0.0076212002900464,0.0079969807966914,0.0050480961531164,0.015,-10139.51767035512,0,10.0
85,0.2234278353124788,0.162561013274614,0.000528032318571,0.0009933362153729,0.0075049274486516,0.0136735683633358,0.4065977892565826,0.12471858379905,0.0019597921694179,0.021764835026247,0.0015828796099518,0.0015928434223173,0.1646852037659468,0.0238887578449685,0.0003260447271502,0.3102778736784774,2.389277982499874e-05,0.0001042900966811,0.0859152912877135,0.0157698398476531,0.173040264276312,0.1297791161686836,1.902627263726664e-06,3.0271888605439985e-05,0.054165390417479,0.0061944327672191,0.1834846812177436,0.0078515663630959,0.0051471938675397,0.2505631338365276,0.0977090304858257,0.0107043575731725,9.76858323778307e-06,0.0042802287884342,0.616952118892932,0.2635719664070832,0.1109284262131446,0.204518994000523,0.0140131232414016,0.0040934658483598,0.0084211987870063,0.0103058647199274,0.015,-12972.353206680347,1,12.0
86,0.0783287729039906,0.1874125660542009,0.002021548253383,0.0001605429659287,0.0243034581618635,0.0025801708461014,0.1076845274154501,0.1138021606153535,0.0037858253472769,0.0033038884160956,0.0026071928434815,0.0003201847300382,0.0335408782133107,0.013387369371444,0.4091232391940911,0.6079296361980874,3.0402924747148987e-06,0.0070408487204485,0.0321831107001183,0.0067570570050532,0.1942683910765234,0.2196882360654068,1.7913965410166332e-05,0.1018971894980475,0.0226259891726843,0.0489852324161398,2.579002281922489e-05,2.1549988137276664e-05,0.1696836553218646,0.3855481307434692,0.0224290382059833,0.0476318574964629,0.0015918998513553,0.035732369132937,0.5574125648252723,0.166556395793803,0.2033801288693628,0.1737847682164384,0.0095877519496099,0.0032852363292978,0.0007186263959515,0.0077317251639923,0.015,-12072.198810043004,2,14.0
87,0.0024731908911756,0.0607492468000812,4.034672766047541e-05,0.0003142566145379,0.0002725536583496,0.0093157593905237,0.0715393730457624,0.0020103344132007,0.0084986609043418,0.0003557022408071,1.4962233947458116e-05,2.0065479655558637e-06,0.0040131705412346,9.75410861988888e-05,4.759084875275163e-05,0.1124629692548718,1.4145709414782554e-09,3.168904636188051e-11,0.0030187396201554,3.533240169045531e-05,0.2704273556283942,0.0144643975005676,0.02183778243013,0.0005640560004315,5.97396011831666e-05,0.001949257705352,0.0308636644045354,0.0032828774953701,0.0899708446719087,0.2698552530660679,6.432477687643906e-05,0.002443179954516,0.0107902928814191,4.769568513438198e-09,0.2097147094924843,0.0630843500494819,0.348427861787718,0.3442369855323117,0.0131759942681356,0.0148199376107204,0.0196241577497826,0.011162656659081,0.1,-10123.627666675691,0,10.0
88,0.0035553180409148,0.1777043777396277,1.0546760136776218e-05,6.014003294838852e-06,0.0153930513035617,0.0083326569741158,0.3099466933719613,0.0011424853629112,0.0047102108621365,0.0060015405710958,1.9981924075781224e-05,4.320779889279532e-06,0.0201716989631082,0.0005119770720351,2.0615385525876937e-07,0.1728569182343402,0.0003769526560953,2.4037775711013715e-10,0.0622301895112863,0.0001588141755211,0.1596450989770358,0.0256102648534873,1.2531131346824169e-08,8.605974013244987e-11,0.0013365649316973,6.763148990221914e-05,0.0204869847941836,9.059754018215106e-07,0.0206895756174492,0.2791710334552456,0.0050252986719234,8.143672479212e-05,5.7808855127171735e-08,1.3149229614423088e-06,0.3912742034836825,0.0609340545989679,0.2134738309773272,0.2366795303568389,0.0184358986844044,0.0145957437011037,0.0126707648414049,0.0175491770376582,0.1,-12943.432448772526,1,12.0
89,0.0017354424127574,0.3922325730271885,0.000789278059082,7.666690819649105e-07,0.0341309778382332,0.0237952347132378,0.2046529428406244,0.0024977916129861,0.0084447451047632,0.027625151676933,8.52359479676514e-06,2.1394771803154243e-05,0.0256745373288997,0.00028665716772,0.1153652226981777,0.3678854662993254,1.2772830751618156e-13,0.0106998962702559,0.001371913521622,0.000253618643749,0.2773737267075442,0.1001306044271746,6.994445199126177e-07,0.0048428847928787,0.0002665138305268,0.0611935030239414,1.863342890508747e-12,8.752430479044538e-06,0.0768839840809736,0.3076521065265397,0.0001742956168537,0.0647889672143699,1.330482827762825e-07,0.0005031024840696,0.4257879343695773,0.0538954726957223,0.200070788870418,0.1492348556305358,0.0142935529739223,0.007594293839273,0.0042334551472297,0.0095812788713361,0.1,-12034.41950808504,2,14.0
90,0.1039450703099854,0.134796903916897,0.0001823840924196,0.0003183021184824,0.0033047726897269,0.0087753158287976,0.0889923671172485,0.1999397760605505,0.0001681567388054,0.004149125564008,0.0024519543613502,0.0013805618019683,0.1439087694167396,0.1361642550818399,0.1857569228628216,0.2745613845031525,3.8397864819326764e-11,1.742647132400102e-09,0.0569794157657638,0.0123160587965684,0.150477407237499,0.2369677697211172,4.4082095382345945e-07,0.0001639487769141,0.0106920298627814,0.1123004337712877,0.0103289005705888,0.0013393428017308,0.0953146089914711,0.1990728949052572,0.0291524190763404,0.0462732577440802,0.1344722191242957,0.1417930693420042,0.3635479725260093,0.2034729962349101,0.346893281773753,0.2875294609558715,0.0056519215298033,0.0011449980790147,0.0051701623038194,0.0063018617529106,0.01,-9996.765222967424,0,10.0
91,0.2986461035925231,0.064112508250059,0.0026285769499333,0.0003377002878995,0.0073719019216757,0.0173743021800124,0.2614084998951477,0.1194037450535127,0.0046346410247501,0.0103982150380928,0.0024765605854986,0.0032555442721117,0.243949346951339,0.0301039349834997,0.3574215479298885,0.2659843335956344,0.1369948292751141,0.001122646733912,0.1089143701904941,0.1146517397126508,0.0064647191342065,0.1641632482804275,0.0020534974108427,0.0361434842093978,0.2537747212822882,0.0198528572659181,6.62745787113733e-07,4.219004224645196e-09,0.0875702160433958,0.0652978770841442,0.2782895363803601,0.0049764791025111,0.0005955074354761,1.677205636172397e-05,0.4490025578102666,0.3857087239790985,0.1561003233773268,0.3006755432191937,0.0048318703348917,0.0049706974479364,0.0009341373437642,0.0080394350865137,0.01,-13371.214448075589,1,12.0
92,0.2099332579419779,0.1063833952667617,0.0012741980183718,0.0011351062066528,0.0034740764271213,0.0046111592760931,0.1238584026140239,0.1782840704098306,0.0011774088937637,0.0010557988243852,0.0057260479551359,0.0084044811856367,0.2426059373813496,0.0951795423968725,0.0607388115526285,3.140206977023857e-05,2.3948334141223623e-05,0.0109898938427472,0.1396664581313139,0.1152903012230558,0.3476655059078234,0.3678953684876882,2.5395494650674e-06,0.0099924395737669,0.0789266806155483,0.095026261044094,0.0009622118646072,1.5025924039514002e-06,0.0367166314439524,0.1360771273302946,0.059465298431497,0.0449407181563139,0.0001331784684256,8.617354754904925e-10,0.4769697009076876,0.5180362939451312,0.2463031177624237,0.2741004528681936,0.0042414659128927,0.0061087058660494,0.0077017728087973,0.0046205726076777,0.01,-13342.869253516415,2,14.0
93,0.1357853691774825,0.1019240451001432,0.0002941797966795,0.0002268631133756,0.0026130014372157,0.0052402214356424,0.128003783829679,0.1339397999305881,0.0003873632764192,0.0035060566005884,0.0023617031992658,0.0007659565145569,0.1229572357136653,0.0958533764802814,0.1851342451795021,0.2188699036036425,1.1776046681739355e-10,4.552217853981852e-09,0.0850348112255024,0.0089027287822888,0.1666399101239702,0.2125082111413903,9.411045412045196e-07,0.0007377289441359,0.0220114417112022,0.08436021407484,0.0108167598387859,0.0004220457580208,0.1052604212012639,0.2297908486075645,0.0468484593799496,0.0313164505222626,0.1718437557164719,0.1254860790929459,0.3084748986046471,0.1700815711264457,0.3155347812831399,0.3302031123891835,0.0046630802440186,0.002611457543792,0.0062266214787488,0.0081121875361513,0.015,-9995.554832154314,0,10.0
94,0.1681889948568969,0.0903950049304512,0.0020763884013815,0.0013235506054708,0.0038920361103848,0.0100979881216662,0.1432622805950683,0.1490744103752649,0.0029316189741393,0.0182822663641385,0.0009883579413605,0.001893240511206,0.1274538399014903,0.0342925237386316,0.3306047040734812,0.3013010791718735,0.053750975009479,0.0011893881459206,0.0401841183790085,0.1426223975729305,0.0066029337558017,0.1882603771941071,0.000985697131318,0.007967248320563,0.188506057855848,0.0325387034544446,6.279223550741342e-06,6.079050884634918e-07,0.1103827721122108,0.1292779393135308,0.1592562615317789,0.0095312100034042,0.0036488259704563,0.0003816749747895,0.3997045901396693,0.3126059761469476,0.2549007504763732,0.2786607244277264,0.0058631327432528,0.000893829523669,0.0046576922343215,0.0123746210366663,0.015,-13365.287008792557,1,12.0
95,0.1806498408739934,0.1413565913489947,0.0019055849762094,0.0008872100139526,0.0017539861815218,0.0019778417143947,0.1278233998794716,0.1812370874444891,0.0015812301947997,0.0009623773029809,0.0050375079472034,0.0059578545802594,0.3839402622742643,0.1067190490765234,0.1085588312301074,8.237555077875885e-06,3.80232821520476e-08,0.0047635430827443,0.1395961985516589,0.1171464770403399,0.351444109470463,0.3699127613494539,2.4717688357984562e-08,0.0172812929361663,0.0648807809039243,0.1232066558147796,0.0004080754811267,3.6529312170910235e-09,0.0179747903084498,0.2324772415666543,0.0442950817893814,0.0362018998090915,4.97293350426185e-05,1.9705125298624702e-14,0.5259535174301205,0.4257907363084219,0.2546304281572659,0.258729353870863,0.0033626085612897,0.0062120745457467,0.0076625922974003,0.0065092314140442,0.015,-13339.890869518656,2,14.0
96,0.0004653083154459,0.0233204174637598,4.204460474348761e-06,8.839309791277703e-09,1.205088837436962e-06,7.226984254597519e-05,0.0063550928186052,0.0017843635667981,0.0007733527608687,0.0016029072491876,3.727966263893292e-05,5.437615504574811e-06,0.0003465899884618,0.0004278183305162,0.0743174682219319,0.15910630521446,1.6227711529435098e-17,4.166562932838178e-07,0.0005394835002688,7.771090513534426e-06,0.1085642655113303,0.0007524415938465,1.8317639387840564e-17,0.0832186368945503,0.0001119826090644,0.0048606029561378,6.512185066867941e-09,0.0024393873398218,0.0286191069206332,0.1647237652109026,0.0004158826363301,0.0002711748304373,0.0451361702373346,0.0624220628618193,0.1091704293214989,0.0593610695359401,0.4289595072432218,0.4232820820064813,0.0088306821401723,0.0075880544926957,0.012775103313398,0.0124909573808294,0.1,-9987.52777703484,0,10.0
97,0.0015836292927427,0.0185170822696817,6.617350836634408e-05,2.921450062684604e-05,0.0020051756730672,0.0015825482462044,0.0520375124138572,0.0020355781033773,0.0002848146931718,0.0012183578278053,1.2925788778373788e-05,3.78284392452187e-05,0.005051689495626,0.0004592929268435,0.1659326080764119,0.2275709736798187,9.831693168154096e-06,7.294135603413848e-05,0.0001171770278747,0.0019120428374134,0.0354732840448315,0.1335190069544148,7.17803678532031e-07,0.011193700645865,0.0036261814427868,0.0001060532876525,0.0038836431066047,4.1640058831947495e-06,0.1061593650865131,0.2872109481875424,0.0030049522908221,6.795718064284561e-05,0.0005350090613454,1.2692215455690426e-08,0.1960492395151301,0.046477406486637,0.3615787448120595,0.3631374475617657,0.0091174025850901,0.0092553997008048,0.0122485636392997,0.0205286964629958,0.1,-13348.40413923003,1,12.0
98,0.0001348236953162,0.0832499353070394,2.4925833167818025e-05,1.425120926888392e-07,1.5909454293270608e-05,1.681046747139988e-06,0.0168826544741724,0.0009448628661495,3.335031649249415e-05,4.338261507587206e-05,0.0006188315089735,6.039505149196301e-05,0.0486215169162468,0.0013688450565645,0.0090023395678191,0.0816931687437518,3.0811858749597017e-27,3.918635232703729e-09,0.0025798422483575,2.8780429552592595e-05,0.2897532186476783,0.1701640261011913,1.2108427250022389e-21,1.1157710065208854e-11,4.677127475079612e-05,0.0209339254849093,1.8127640851717927e-18,2.751134544630635e-32,0.0275299150715404,0.2461961710319151,4.4134605690160144e-05,0.0002611262231211,3.652470023767959e-18,2.4011762831379744e-35,0.3086283159516936,0.1342222203729288,0.3726525467211975,0.3554655210039668,0.0062981518471944,0.0083094821483774,0.0155311155327556,0.0171184741677336,0.1,-13325.74490592953,2,14.0
