,11_T0.01_B0,11_T0.01_B1,11_T0.01_B2,11_T0.015_B0,11_T0.015_B1,11_T0.015_B2,11_T0.1_B0,11_T0.1_B1,11_T0.1_B2,3_T0.01_B0,3_T0.01_B1,3_T0.01_B2,3_T0.015_B0,3_T0.015_B1,3_T0.015_B2,3_T0.1_B0,3_T0.1_B1,3_T0.1_B2,10_T0.01_B0,10_T0.01_B1,10_T0.01_B2,10_T0.015_B0,10_T0.015_B1,10_T0.015_B2,10_T0.1_B0,10_T0.1_B1,10_T0.1_B2,12_T0.01_B0,12_T0.01_B1,12_T0.01_B2,12_T0.015_B0,12_T0.015_B1,12_T0.015_B2,12_T0.1_B0,12_T0.1_B1,12_T0.1_B2,27_T0.01_B0,27_T0.01_B1,27_T0.01_B2,27_T0.015_B0,27_T0.015_B1,27_T0.015_B2,27_T0.1_B0,27_T0.1_B1,27_T0.1_B2,16_T0.01_B0,16_T0.01_B1,16_T0.01_B2,16_T0.015_B0,16_T0.015_B1,16_T0.015_B2,16_T0.1_B0,16_T0.1_B1,16_T0.1_B2,20_T0.01_B0,20_T0.01_B1,20_T0.01_B2,20_T0.015_B0,20_T0.015_B1,20_T0.015_B2,20_T0.1_B0,20_T0.1_B1,20_T0.1_B2,26_T0.01_B0,26_T0.01_B1,26_T0.01_B2,26_T0.015_B0,26_T0.015_B1,26_T0.015_B2,26_T0.1_B0,26_T0.1_B1,26_T0.1_B2,28_T0.01_B0,28_T0.01_B1,28_T0.01_B2,28_T0.015_B0,28_T0.015_B1,28_T0.015_B2,28_T0.1_B0,28_T0.1_B1,28_T0.1_B2,8_T0.01_B0,8_T0.01_B1,8_T0.01_B2,8_T0.015_B0,8_T0.015_B1,8_T0.015_B2,8_T0.1_B0,8_T0.1_B1,8_T0.1_B2,14_T0.01_B0,14_T0.01_B1,14_T0.01_B2,14_T0.015_B0,14_T0.015_B1,14_T0.015_B2,14_T0.1_B0,14_T0.1_B1,14_T0.1_B2
00,0.38402333211216916,0.13854192837893117,0.32771856597535265,0.3845873246516528,0.22712216100836874,0.22203879465400364,0.2726989187335402,0.01663104138700608,0.0016920059502595732,0.6326227877601541,0.19101963163112526,0.4166308232048373,0.5912939166463707,0.22665144776889376,0.39445108841889304,0.37785625581139975,0.08037383558664286,0.2270917163608038,0.40388521071339006,0.19647429449008938,0.3044321612864062,0.4254822398253841,0.1914842953935232,0.32981137699327134,0.12639302771875893,0.050377106093923006,0.07007851829452184,0.3529117781315397,0.15239315643924575,0.11177982031208612,0.4183779104478913,0.2740797895493222,0.09723597963387717,0.018522020741528547,0.009158568438095776,0.02906771980235582,0.15808491934093488,0.1366085218507195,0.16334096982103224,0.17770870534119182,0.30004617701260333,0.08377907202447693,0.002669415019156896,0.01684016530770027,0.013669117985457535,0.5056586855338586,0.13196534148182434,0.14539676352995903,0.47386139625326107,0.17884597343712236,0.16254690225793927,0.20567499819611848,0.0064696215462016005,0.007185758351958622,0.184967715491835,0.22745904463596406,0.20913819851530074,0.12072138447318671,0.1368368444081189,0.22602352682538968,0.001097823152004844,0.0018474355075065872,0.0004635708383554727,0.13479499917042642,0.13975640917658985,0.17362723606932137,0.13203746569348648,0.16433523388518692,0.1452271933012679,0.002040192811471518,0.0037276273384736574,0.001983461130470106,0.24261656412879296,0.17052252401456225,0.15269800859221594,0.23282313740891455,0.19887059177979124,0.1928176943387043,0.0034528461818441347,0.00906448281751777,0.007056934028697937,0.09585861910916055,0.26300607385947217,0.12880653620679286,0.16146915007345838,0.2234278353124788,0.0783287729039906,0.0024731908911756273,0.0035553180409148635,0.0017354424127574452,0.10394507030998541,0.2986461035925231,0.20993325794197792,0.13578536917748257,0.16818899485689692,0.18064984087399344,0.00046530831544594166,0.001583629292742722,0.00013482369531628307
01,0.24602338893999326,0.0830434186482399,0.1764035357454991,0.3588778986924418,0.09006159060227249,0.1261334341515797,0.26172554577403184,0.0349287151028264,0.10603304108971741,0.40718075837943013,0.4362851520876248,0.30135028597787183,0.409256622599011,0.24668333156841205,0.327914725110313,0.4897523548724813,0.1298333210902411,0.20961531299835312,0.21289616367560965,0.3154645974452959,0.20809845138661404,0.32884884039969464,0.19137720803184347,0.2481313272604022,0.10379160859693388,0.10387553207467959,0.15228098604446527,0.20050180010593746,0.08625751889927497,0.16905341773442473,0.1783093138401897,0.05979231224820703,0.22199532543434602,0.010037677095732923,0.013157931890299266,0.2379079248129083,0.11613127589214836,0.0668302521022915,0.09644302416122078,0.14806636043342256,0.08099267934215938,0.14098838026081814,0.015529998430420052,0.02123008951842297,0.07767156574170145,0.2895074291041412,0.2762962425965639,0.06623578433297615,0.3269917612176129,0.31025901843643955,0.06757292866518298,0.2699602290297078,0.013414482247268671,0.023268837026229398,0.11183434336649196,0.12151765755480207,0.11199401757024667,0.11252515883916618,0.1866813213124325,0.1088671977969125,0.036009399480083366,0.027999184766791436,0.09139584441550502,0.12073746978358411,0.15561158910184175,0.24488356551335544,0.32386608277737167,0.18569445337741752,0.27524340992028257,0.03356450070643543,0.2435358789068283,0.27737908020242913,0.09232683658007554,0.3006117669476151,0.16002114287112032,0.07742368761192499,0.38432810335931805,0.12346633936607346,0.020103707385435727,0.19805857422746947,0.1044862555075012,0.24351109017023817,0.15642497304722366,0.11299534297231398,0.15861999900816415,0.16256101327461403,0.1874125660542009,0.06074924680008127,0.1777043777396277,0.3922325730271885,0.134796903916897,0.06411250825005908,0.10638339526676173,0.10192404510014323,0.09039500493045129,0.1413565913489947,0.02332041746375984,0.01851708226968177,0.08324993530703949
02,0.009769984541253723,0.0038840527335762456,0.002350684027182136,0.006190316387550019,0.004156387560768392,0.003799735614564373,0.000970965420600425,3.6257925043551384e-05,1.6325258055844045e-05,0.001022163546629529,0.0057408617031405795,0.00011235878388088941,0.000782548977103749,0.006541120664242546,1.5304512526809213e-05,0.0009995038959592058,5.993390103270609e-05,1.768758419399744e-06,4.8470317007672034e-05,0.0046817650191752665,0.0034265154362560163,5.599032148994075e-05,0.001907161220729315,0.0026309316291566885,2.792100997200973e-06,0.000818727245525877,0.0003080953619418146,0.007389806443854366,0.0027212441781522944,4.064697126554235e-05,0.012111218261946638,0.000807182958030707,7.394792033203227e-05,0.0004790093676761832,1.4254772793945379e-05,4.275571189876619e-06,0.002543989288939609,0.004346809998313898,0.0042622482127562256,0.00468659093097926,0.0025316900142121367,0.006224922978297125,0.0009911172746982478,0.00014606461404525258,0.0042882358460177294,0.004138411510941321,0.01326688254256322,0.0037060872433438076,0.004505591125253656,0.006474341176394282,0.0015695603913382047,0.0038027438052563715,0.0020864473759584627,6.038712379592134e-05,9.697078871573488e-05,0.0008744406086756568,0.00017254444397704928,8.606236287419698e-05,0.0010039760739204704,0.0001514244739018647,5.555607395074172e-07,2.5845497303771087e-05,5.0808273506252324e-09,0.0025315376043855893,0.0016588573210477285,0.0032714211204035335,0.0029888553475701895,0.0008418918916187233,0.002771880326970846,5.289615284574108e-05,6.628249551156605e-05,0.004864678902822409,0.011923901010117565,0.0005867031391599798,0.014943100164918736,0.015706223168615023,0.00028735885599164923,0.008670774851526415,0.00012897501130675548,9.887503188544296e-06,0.000636793267006492,0.0014897136177628699,0.0023550382239189527,0.0026048549471517648,0.000644193706024568,0.0005280323185710241,0.002021548253383008,4.034672766047541e-05,1.0546760136776218e-05,0.000789278059082031,0.00018238409241964088,0.002628576949933343,0.0012741980183718267,0.0002941797966795425,0.0020763884013815033,0.001905584976209428,4.204460474348761e-06,6.617350836634408e-05,2.4925833167818025e-05
03,0.007681363802436411,0.008904475219472486,0.005075261719707147,0.007177798367770149,0.012863778235389192,0.001815203853894521,0.004369143169691484,0.0005198447132862737,6.5760588551278425e-09,0.0011760968292545153,0.0006952848355805185,2.6596420889579195e-05,0.0016478226675332767,0.0007946712663293826,3.1107986171285384e-06,0.00016487683124613608,1.4371145069388296e-06,1.7200759312678463e-05,0.00011568175748390997,0.0018962780822416256,0.003815396249024501,4.82194264339184e-05,0.001391341870875216,0.0025635880747843995,8.474721333538477e-07,4.077891807647264e-05,0.0002882122733390696,0.004512954436089327,0.017449765731724524,0.000179587970349545,0.002053818780917439,0.005424547229028641,0.0001283984800143769,1.6147532936996156e-05,2.1372564709800766e-05,3.604653775231371e-05,0.000964953381230305,0.008102268965589434,0.006417086046810446,0.0008227117095555756,0.008309515120177432,0.00518566656958491,9.966430356551773e-05,0.00033213399217872354,0.0004457817016070648,0.0011303014324681453,0.010358471547404352,0.004171091755643184,0.0007372911707889789,0.012353217384693022,0.003011362793855114,0.0015547433689416257,0.0031470903268276526,6.251582084936394e-06,0.0019270053077911355,0.003153076093167198,0.00251499483576144,0.002050158966766635,0.0017804188237070058,0.00029016860933849323,5.912452966246423e-05,1.2236503856249614e-06,9.48440276477986e-09,0.002557648870263331,0.0033950385381457853,0.0023535552943728883,0.002435775402248505,0.0019261400411201314,0.0019267809522530081,3.2496739671075754e-05,0.00013524091458139433,0.0005117712663374142,0.005490266691009638,0.006242922774146495,0.0024936954711820137,0.0011341698029179654,0.0004811209578954537,0.0018667073500674908,1.9854006808667535e-05,6.238985655737006e-05,0.00015575763689546494,0.02989788268795848,0.0017238558151450255,0.0003498752541747847,0.014831532325268366,0.0009933362153729363,0.00016054296592873832,0.0003142566145379641,6.014003294838852e-06,7.666690819649105e-07,0.00031830211848243953,0.00033770028789953713,0.0011351062066528893,0.00022686311337560364,0.001323550605470867,0.0008872100139526404,8.839309791277703e-09,2.9214500626846038e-05,1.425120926888392e-07
04,0.025653195968514453,0.032792023042857686,0.014593534308695883,0.027556283192100045,0.015263177592879141,0.006308605766521184,0.09190452533127161,0.0004270406203604061,1.8507267897244418e-05,0.011169397981641944,0.0035863886007962173,0.000247873808965536,0.009443302335602845,0.003110226211095204,0.0013226522697137066,0.014577148066893624,0.0003071313882189392,8.901258215099975e-05,0.005601662530898457,0.004757886867703558,0.0047161572016508,0.004707119279251258,0.03731877949508367,0.0038092653262502643,0.00871234463718907,0.00022234632206885108,0.00031459167811330967,0.014372809770429713,0.023450102977810538,0.024379457556290614,0.013248791845127016,0.009078436538043322,0.0032933522024807048,0.0002492208558460711,0.0002602926664477685,0.00021695135733052758,0.003057521159053127,0.005025681395373782,0.05265382614271678,0.0019624145184501474,0.0012732329023126627,0.02963051471266167,0.0019220939980441585,0.002274325602937611,0.003779032013468021,0.021033013572592435,0.018428322767164124,0.01937311691617515,0.019638755589698575,0.0067704138384755376,0.04480581872112796,0.005501354331217608,3.119509632174168e-05,0.0006736975913675761,0.0009545411551712319,0.0028718841923666997,0.009451922163040196,0.0029925048652521,0.0164846392963224,0.013914283591984308,5.0985992220135183e-05,7.934497539265097e-05,0.00011720331301967235,0.004481755913101041,0.004118510980344864,0.0007168456261476254,0.004712473354288445,0.007744003535628935,0.0002811829118410738,0.0010970346902322474,0.009351388341230822,0.012197710852501549,0.0006678814415202826,0.009600998107082427,0.013647025317882675,0.0043324268475281435,0.007478273797801217,0.011179875275369225,0.008758301183896096,0.018433775673844553,0.014139318113261532,0.004237251695747072,0.008988243517053192,0.013556031234127835,0.0012714415385643983,0.007504927448651627,0.024303458161863557,0.00027255365834962685,0.01539305130356174,0.03413097783823322,0.0033047726897269016,0.007371901921675794,0.003474076427121387,0.002613001437215716,0.0038920361103848855,0.0017539861815218164,1.205088837436962e-06,0.0020051756730672427,1.5909454293270608e-05
05,0.013936682798762999,0.05742946777058043,0.0037931276428848242,0.01668729479831009,0.026433562769836813,0.013478978940006324,0.04078718172640446,0.0012336495738522887,0.00030180127433251773,0.010584656174841188,0.005645479374364063,0.00024123441302599232,0.009867292803510877,0.0031177781790297353,0.00010519778025260716,0.042857420359378826,0.00022108360483394303,0.00027713042118070977,0.012221010252158581,0.011050030769283065,0.0032813972123272826,0.010473690579906996,0.013990000030094313,0.005850651491099155,0.011638655356373812,0.00026074086579949766,0.0005743358379367359,0.04640995284298016,0.016136955943727146,0.020704088613932574,0.02492095135908295,0.012603749316103521,0.005036840692988928,0.0031499190575683266,0.002929205202886293,0.0011164454082885909,0.006730171414755087,0.02010251227354476,0.03608746122384436,0.019291034888833228,0.06223177010675071,0.08204661654952218,0.0031533591768887264,0.007188909100310254,0.009564091141683214,0.039065876016598396,0.006217734881352541,0.03557038442418349,0.03853611693439725,0.010064843032307156,0.017368224878638712,0.046596426751802374,1.6241446650032114e-05,0.000700996941562762,0.001943920688516756,0.009068000606514191,0.022725387971650517,0.0028193751154556614,0.0018057715265058691,0.01446361370166901,0.0007397864768397545,6.0648463377192e-05,0.0002499561799466797,0.0014953239761233128,0.006350095587691591,0.0012175106904382563,0.0004726536155150599,0.004596642789104199,0.0006940624357562661,0.0003629292506986153,0.0013285750479139836,0.006734468091177423,0.0036905938506160553,0.01423331960636568,0.010905576551925096,0.001372253855540427,0.008901499262439595,0.007554784449318295,1.281176744879314e-05,0.00139237256890931,0.008062318635832965,0.015384042256526396,0.00440913860385396,0.005977427582807456,0.01796927306457772,0.013673568363335883,0.002580170846101498,0.009315759390523782,0.008332656974115896,0.0237952347132378,0.008775315828797611,0.01737430218001243,0.004611159276093158,0.005240221435642415,0.010097988121666256,0.0019778417143947215,7.226984254597519e-05,0.0015825482462044848,1.681046747139988e-06
10,0.3231616987327698,0.10782399046957879,0.39380783090069116,0.33380223121923436,0.2019919672751488,0.2632809243215297,0.26714372219511356,0.02178492570469809,0.10188010297751325,0.30154911759907543,0.10974091482167211,0.33599043644763277,0.3475930511260565,0.1427501943105293,0.3606478216227949,0.4525728148396355,0.0866148604261793,0.27627155625407335,0.2724552327388033,0.18762832101453855,0.16324263641594222,0.29417009024848495,0.22282473884144033,0.20977083074870237,0.13022578935823237,0.15696218818750127,0.17703210625047577,0.21863243814129937,0.16155152067348993,0.47508872586572387,0.29139393710064454,0.4406924765721937,0.5480950206492068,0.05050462008782067,0.03389227218966412,0.3140098483445861,0.12368600133915432,0.12299872008076594,0.09832005454183661,0.20173363788757806,0.41714375948242266,0.05564039222979774,0.03984842070671208,0.08661888569355171,0.05051886173963377,0.3450819915926907,0.07715809813771589,0.11413856861125299,0.3477990697909047,0.1137193824301767,0.19871653923967134,0.18027206158271866,0.007465015879130618,0.07624714352891675,0.15868537542789507,0.10362844510511417,0.12271555449076219,0.12085399310732942,0.06537198394035681,0.160022393946231,0.01248140554393729,0.006078578390312004,0.013113617465358414,0.09244589040850347,0.12426087615936389,0.15829963771814434,0.2011445357800567,0.20891567744352782,0.22446497083897346,0.038867248357904075,0.13911944575217053,0.16617021325104178,0.25101397681664145,0.20149086360496904,0.17585003632847174,0.27340272880299027,0.46248741256490483,0.297585788306438,0.03999000383609309,0.19440468116059412,0.18249691289428704,0.08137960119846094,0.2602527381579597,0.11251833024078302,0.20100890971071614,0.40659778925658263,0.10768452741545016,0.07153937304576244,0.30994669337196135,0.20465294284062446,0.08899236711724855,0.2614084998951477,0.12385840261402395,0.12800378382967903,0.14326228059506838,0.12782339987947167,0.006355092818605245,0.05203751241385723,0.01688265447417247
11,0.5464883839675285,0.18525335985017685,0.35028737316501757,0.618102262080262,0.18389760700609234,0.2579248518669,0.29831765775336244,0.024703598314949272,0.05753657068565919,0.49920642723129577,0.36562646765013596,0.38962243541913705,0.47767579896071927,0.2390841669363031,0.370310698266263,0.3029182667465497,0.04100322902558394,0.14720419974456803,0.5004855209612716,0.36874539017050745,0.2970251314515251,0.5493113132697981,0.23881986324293997,0.29134380477568234,0.1386307119241721,0.03765897075928903,0.09573141338077998,0.35949159496302246,0.19433697190260407,0.4874308162709448,0.3166673320874202,0.13950911167145139,0.451227591879078,0.005744617214107003,0.00568769872065697,0.13300470488142221,0.26238228662678087,0.15333549795789764,0.11656162008928464,0.2941767560475277,0.18602110825740809,0.12663915963788738,0.008716936985675236,0.04272484575031842,0.012083454751441819,0.5112757824126659,0.31953492638438774,0.1106470221414707,0.4997971854413177,0.3490704270762949,0.07935132437875306,0.2730093620691168,0.013795369700124117,0.003542348716533382,0.0961355479577169,0.19575051255045978,0.14002181736300276,0.08207674775859285,0.2774158428326646,0.10288358296205748,0.0017122311565359594,0.005758199222526164,0.006341448677841822,0.19676799997359037,0.1870691642181413,0.24254015783065283,0.20573047873901232,0.1505138528836057,0.16024670035038815,0.0015639210846660283,0.006489017931564462,0.0043020476040061826,0.08853078453232151,0.28218489662245433,0.17994992186254996,0.06863946248374543,0.2115187898218456,0.11030432169005287,0.0009755866551634831,0.006120702437689801,0.0030905372990305247,0.22520181258930588,0.1926053644479369,0.1257888680051808,0.11862049045178585,0.12471858379905006,0.1138021606153535,0.0020103344132007444,0.0011424853629112977,0.0024977916129861086,0.19993977606055052,0.11940374505351276,0.17828407040983063,0.1339397999305881,0.14907441037526495,0.18123708744448913,0.0017843635667981355,0.0020355781033773294,0.0009448628661495354
12,0.01428654722972203,0.0022708671828813665,0.0011250023791454103,0.01148549449081579,0.0016872637912450448,0.001554414290158519,0.018308646470047783,2.8773761594672617e-06,8.027852792298188e-06,0.008731123085085137,0.012631258195137253,0.00047302589898659623,0.00941695206218699,0.01573171481468473,0.00011388135302362711,0.01676194002033233,0.0007064927584067122,1.8978404360801065e-05,4.223118247277159e-05,0.008592467152895014,0.01181664708582857,6.252057467495409e-05,0.0032323832435475113,0.012336624120372855,0.0002771443953516813,0.0004504906765795113,0.0023710507635377486,0.0021412523463677905,0.002378505865158724,5.098645982260767e-05,0.002180913072049509,0.0005579781981531518,0.00010703133397731417,8.621312497121747e-07,3.24087645583051e-05,5.851593198408552e-05,0.0008436171245357111,0.007001061856658618,0.08564764783663367,0.000595450780071999,0.0038002055280473047,0.13004383765178065,8.259750328457981e-06,0.0005483387631065398,0.06356056958949696,0.002857292154701005,0.004163436360829998,0.00838136708102726,0.0023135949464542054,0.0007949814982336273,0.007391632300247577,0.00022521119565313167,4.2006619364721415e-06,0.0004789519802067462,0.0005038327207001134,0.002060978129400291,0.003081658345396827,0.0008011549238723859,0.0027135028198602496,0.008682727309137083,0.0007882509625585456,0.00042988848470986997,0.014377248055608954,0.0022296711293985313,0.003512938846407193,0.003533478213988601,0.003412399354963046,0.0024859131643970834,0.0034078014141045217,0.001665855262905071,0.0045469456872600615,0.013486574514764278,0.0046274252373306925,0.000898026329956229,0.011776163446955375,0.005469474922545305,0.0006688658035003429,0.008438460970916025,0.0001422729118623304,0.001673587338760684,0.006600540429248229,0.007465587123337427,0.004527357492483531,0.0033441868331298167,0.009739320195370278,0.001959792169417954,0.0037858253472769746,0.008498660904341832,0.00471021086213655,0.008444745104763247,0.00016815673880547937,0.0046346410247501725,0.001177408893763756,0.00038736327641923033,0.002931618974139372,0.001581230194799791,0.0007733527608687796,0.0002848146931718479,3.335031649249415e-05
13,0.0018546972003878786,0.0016807869049111023,0.0019228414369416313,0.002317155412174755,0.0011451139934750565,0.0007519846430772114,0.005120353178389969,3.0072255018691437e-06,1.1955107854016506e-06,0.0019584197255188276,0.0017158151307974227,5.327542514601806e-05,0.003388185718386268,0.002182038663915883,7.777917349057772e-06,0.021372840550931096,0.00010215520321226544,1.3016403178938674e-05,0.0005617305453909135,0.0016916185575073968,0.03546353579472465,0.00031437011121114475,0.001117129819812201,0.0330816569014506,0.0004859995063759198,2.8554665638274e-05,0.0015094942587844805,0.004759448646263406,0.010795440682332768,0.0001672477492574831,0.003991338875531418,0.0020833479418611357,8.692329304152992e-05,9.689639280248546e-05,3.267798488865939e-05,2.5537044766506093e-06,0.0025682836637847786,0.013965296036871607,0.012547157850828477,0.007385992875879894,0.01600258672016353,0.012612668150923911,0.0020552786809863903,0.010578494737395359,0.02524954478233428,0.0003307789330712955,0.0021209519447088214,0.012636096145819493,0.00020817938017841876,0.0014116586484970255,0.016840840365091925,0.002713895050855239,7.153762667138136e-06,0.00022460030679246904,0.0023213178337083973,0.008288176847815486,0.01284019998282442,0.00263521922007246,0.003774785547491051,0.004204274554352548,0.004365688869340882,0.0004497239903492201,0.0013590639694696879,0.002823440789859756,0.008173582992156692,0.005305442547857613,0.006094963770802334,0.007934546156318214,0.007175740487192369,0.0003921233817953484,0.013962401575311903,0.006772825707306078,0.002774360578116349,0.006347245508058193,0.009977426463016973,0.001137097435568527,0.0005797758173109052,0.008810384388835732,0.00029833145819217397,0.0019901732402131064,0.001067502629146385,0.004741023748073055,0.012959445914121027,0.0014834071980174464,0.0019278540574644459,0.021764835026247098,0.0033038884160956294,0.0003557022408071056,0.006001540571095879,0.027625151676933024,0.004149125564008021,0.010398215038092821,0.0010557988243852382,0.0035060566005884882,0.018282266364138558,0.0009623773029809804,0.0016029072491876694,0.0012183578278053956,4.338261507587206e-05
14,0.011184732019094376,0.03570376370723102,0.008570681827271104,0.009387554983805132,0.021510698506414357,0.002840424765787425,0.0208888310518546,0.007802457939018108,4.465385998249087e-06,0.012848322867382652,0.005354354670601473,0.00022627737338025864,0.014144547620210448,0.005031424575802072,0.0012935981961583753,0.053306359894418134,0.0008399858152305394,0.00026755557941337546,0.0015421857552510537,0.0021570329038769474,0.004568810671951259,0.0011286429407584156,0.01934342223131821,0.004229453224921103,0.0036819092018463015,0.00015547793577976897,0.000271890036221143,0.016741762210929937,0.011124778755692911,0.009301477330577793,0.02003325674655102,0.0028938792940643504,0.0010834994237250435,0.005070401259996696,3.8176266013339565e-05,6.640679213286387e-05,0.001452034465179676,0.0021928166046329993,0.027424026671230364,0.00095453145082027,0.00027195946714300565,0.012863313733584167,5.584400432590812e-05,5.680610615957238e-05,0.0013952974190212218,0.025485587251806066,0.01810324851012779,0.01809189091331985,0.02975831841199556,0.007672681280011278,0.056158979439550574,0.04947956075119483,0.0005804489790941889,0.001092136793681245,0.002245209293101008,0.0029125936257841122,0.01711194492915954,0.007038418944200324,0.01593650951705185,0.028142896477937003,4.331909513808519e-05,0.0003077990409334573,0.00016635575209316618,0.0012314226299143568,0.0019384444395051455,0.0004842569829910134,0.0003276799696623683,0.002389727129653289,0.00013849340334599525,6.96077350124892e-05,0.00023925347133991678,0.0016381273764337282,0.0015616636578196642,0.00255459992209383,0.01123175671368024,0.007679082432576042,0.0007035964480060417,0.008372508980144825,4.9101630554645644e-05,0.00035929948366047196,0.001494772577566066,0.0046853492684047204,0.0040043407880933765,0.0036169502868622794,0.0013429758435627428,0.0015828796099518407,0.0026071928434815345,1.4962233947458116e-05,1.9981924075781224e-05,8.52359479676514e-06,0.0024519543613502662,0.0024765605854986366,0.0057260479551359995,0.002361703199265823,0.0009883579413605599,0.005037507947203456,3.7279662638932915e-05,1.2925788778373788e-05,0.0006188315089735378
15,0.014054485614928542,0.03731632487373805,0.004978446826135689,0.015471333086697849,0.014333952595195123,0.01672999632412263,0.04823068887083708,0.000141656017661492,2.299203580067592e-06,0.022734941930285545,0.0038324300969742307,0.00012568627759570932,0.022105074153721364,0.0026710950462783896,4.562890506252642e-05,0.028740723393816597,0.0002546881525905857,8.36533831952144e-05,0.0072434926914053946,0.0065227299116578236,0.001673155836849183,0.006927606391131757,0.009947993150697108,0.002717721978398896,0.004620136279077267,0.0003165583144743064,7.515313040839256e-05,0.021129093352193505,0.0075719186136585445,0.00446962635979074,0.008992560706819187,0.004324758043514377,0.0007955524668305147,0.0001549841382709543,0.0030342393522574057,0.00025685301445397684,0.0008052816629811814,0.006264120109939375,0.023641249447378915,0.0002697181652436645,0.010503981264995483,0.053282774371065836,3.4126905271793357e-07,0.00031564762270514115,0.0016319907377816264,0.030528193874393025,0.007105794996423457,0.01650358419002749,0.027656813786603566,0.010336696352236443,0.004483410778435206,0.023570432765751572,6.505199135145006e-06,6.954108257914703e-05,0.001793376669883127,0.011986507613906888,0.018454342561618382,0.002368327676246463,0.0026371153431976276,0.009110721297034776,6.970450247180159e-05,8.271024274431435e-05,9.135822393727328e-06,0.0008931106859944708,0.0024189573616496957,0.0007882371121095276,0.0001381008055022085,0.001106286387375015,0.0002528176213909425,3.75492492599776e-05,4.1057882733132043e-05,2.1110537976338837e-05,0.006834018876886653,0.002465454960310568,0.0022642932445841838,0.005342602936859364,0.0004935573345065087,0.0010109711799658303,0.00011800620542155627,1.0016063133228585e-05,9.772899323325351e-05,0.002049861094380654,0.0011411021345835795,0.0020326660709094053,0.0007937646000141957,0.0015928434223173064,0.00032018473003828514,2.0065479655558633e-06,4.3207798892795315e-06,2.1394771803154243e-05,0.0013805618019683164,0.0032555442721117355,0.008404481185636798,0.0007659565145569918,0.0018932405112060454,0.005957854580259448,5.437615504574811e-06,3.78284392452187e-05,6.039505149196301e-05
20,0.2707764168203432,0.018242965478179416,0.03520490306681078,0.33778887959470855,0.03945853391861316,0.015462743060134027,0.4959881789062434,0.00029935274629796246,9.623346004726993e-07,0.08190739412766236,0.0022244581458430515,0.000530928992922526,0.1244440411203341,0.0031986580186981347,0.00037773662398377333,0.3226108796125666,0.00020125140609139876,0.00012706112676840213,0.0013034568002748203,0.0010746240390740738,0.06174184747877081,0.0034763436626401322,0.0007958443714527474,0.06564807869326557,2.526619687754927e-05,2.1802288998556716e-05,0.0008423163154256702,0.06533624163353668,0.011474024113155411,0.0028308553314769776,0.06584353528226457,0.016800638560696902,0.007882441445265327,0.0006533642614302822,3.5332828887537884e-07,0.00010093728562562154,0.013884411179806464,0.027966219590997564,0.058887104019448376,0.009159358273185075,0.09646396823144038,0.034024396139886684,7.441654759547114e-05,0.013129871848326279,0.011413292944140138,0.07012889545533366,0.01609701296899356,0.06236771916603609,0.03336531901003197,0.01557358947359964,0.0742166459281054,0.02626466242858061,1.5599856550871342e-05,0.00221456573196248,0.15853966207251163,0.0503939636101598,0.18693152450867176,0.13245369224417322,0.03234831284757517,0.24054611820509017,0.002654826183902968,0.0006337007761482253,7.091204437184851e-05,0.04514701042635301,0.03502860449959632,0.07132385232280938,0.0477239652207755,0.040314477348610094,0.05923170675951288,0.0015442636780801028,0.0008843613566054201,0.0038141954217122474,0.014607320263540776,0.004961242982591868,0.04989275660194871,0.03699083802745585,0.033097476298265385,0.09462678424280534,0.012775524603707032,0.0025419173014581873,0.003440056689670941,0.011395551527883432,0.10253821471896986,0.05342283105073407,0.03508175370225096,0.16468520376594684,0.03354087821331079,0.004013170541234649,0.0201716989631082,0.02567453732889972,0.14390876941673963,0.24394934695133902,0.24260593738134967,0.12295723571366532,0.1274538399014903,0.3839402622742643,0.00034658998846187595,0.005051689495626067,0.04862151691624682
21,0.055630354313294494,0.016788672982586864,0.004191823028276865,0.09511670186418776,0.013071932072123354,0.0017465842765234862,0.01759395088306736,0.0021553043551265066,3.372432288012269e-05,0.0919183716103039,0.021640123335222698,0.00018508666619188028,0.09722200224787679,0.008080646056564996,0.000182114761576011,0.03567126021797142,0.003999224870975858,0.0003029986008690999,0.0007590623097263395,0.021015798225560805,0.025100146784789328,0.027826196848157927,0.0043691766190893135,0.024529473701578226,0.0023341396842302222,0.00016230836470687053,0.0039478952273762765,0.31068703713348184,0.0788722298814453,0.002614423616254385,0.24163040872098565,0.06199460624136808,0.0037347358026186125,0.0013164364933771111,0.042308833125394164,0.0008324651718220528,0.003924042309957046,0.04435639244556124,0.04126337981294623,0.0007072145109804799,0.054344292630011656,0.046824302431373234,2.908358017141947e-05,0.0071108922892525106,4.122539328775885e-05,0.12876292424005384,0.1702368717401281,0.043553658104920345,0.14161036560938037,0.23420393840763354,0.024780772876383573,0.04991381305832889,0.005002412139557978,0.00010832904750636046,0.009407319913414267,0.0314012168086142,0.08027686325379031,0.006951264802170805,0.06596856676478059,0.061936104630455874,7.869982201471647e-05,0.000245796169225233,0.002253699957181165,0.03261008456794345,0.037448899696389704,0.11758426845552304,0.014401811164959706,0.019090974979531775,0.06202301268775336,4.979349582259918e-05,0.0002319137965621545,0.0006619238197302976,0.017929425892641113,0.040266515768927605,0.04842554503786751,0.014627007095370846,0.03150675307717424,0.020750720693932818,5.240559378374101e-05,0.00020150346052026527,3.9116745480603344e-05,0.061591153794171606,0.05598099921858347,0.02110038675382509,0.024155584809333795,0.02388875784496858,0.013387369371444071,9.75410861988888e-05,0.0005119770720351434,0.0002866571677200417,0.13616425508183996,0.030103934983499787,0.09517954239687251,0.09585337648028149,0.03429252373863162,0.10671904907652346,0.00042781833051625705,0.0004592929268435082,0.001368845056564529
22,0.029486286003057437,0.006804472577576061,0.09831822525676948,0.01625778853590242,0.003245428613791356,0.08883568999438866,6.749277879477435e-05,2.419432503088412e-06,0.0011962139873274834,0.09949751884864912,0.009405376753750055,0.11490751646244249,0.08945972296419451,0.012447045522233116,0.1454174418418847,0.08949169401287199,0.001472549322925682,0.08010003504451013,0.28664944193516784,0.11100142903407431,0.07798247153306233,0.2709577498577617,0.0665380930082152,0.11525833897210697,0.11510086922964599,0.010014380578708225,0.028514701363614885,0.00938756475305953,0.0005818718971824763,0.3293791223824514,0.030749830957922924,5.0943798283820906e-05,0.26917425419662655,0.04585179012479494,5.203864662448835e-07,0.09801976165738434,0.09028391328468152,0.009486728436054227,0.015857168117114337,0.040012534196574925,0.0012480971496557842,0.009117095643525506,0.013202904041867202,1.1496159181070428e-05,2.764246419198539e-05,0.19854123318401456,0.0036338606926916775,0.04346645670471975,0.17223355020675082,0.001242022646408093,0.04900583240988398,0.004927308234454497,0.016670258923085376,0.030294743233235215,0.10946359647827186,0.004669160727628299,0.22255259098299415,0.14295985106187617,0.004052081242791601,0.2322556826759796,0.08076330621333022,0.043464129798294136,0.04757973560532921,0.2653016460271873,0.2718034634115331,0.5654977853615617,0.24057260710889644,0.23973574656818983,0.4726508065167751,0.039112662534515896,0.059891007888012035,0.12575703917887557,0.0017896509700210718,0.2772060531247447,0.0990360124140174,0.0025639600319652235,0.20767797140627792,0.08354590408195851,2.728666427099468e-05,0.0011355473829434192,0.02604045401244336,0.059648073004889175,0.0026689252471496696,0.5206512080686387,0.04060642730417611,0.00032604472715024615,0.4091232391940911,4.759084875275163e-05,2.0615385525876937e-07,0.11536522269817773,0.18575692286282164,0.3574215479298885,0.060738811552628565,0.1851342451795021,0.3306047040734812,0.10855883123010743,0.07431746822193191,0.16593260807641197,0.009002339567819189
23,0.08851901317865585,0.004144089275735653,0.20785838940343848,0.1160080446532936,0.004420957968820888,0.1889038715564837,0.09265876014016218,0.016247843358939997,0.11994754428842397,0.03501829649623322,0.589840685706813,0.09032833352416032,0.043419949056925894,0.548947740252324,0.09971642711654595,0.05807298964127369,0.2406961200796736,0.14206479979223696,0.40948877788116717,0.2924397278039975,0.002281056461276352,0.3546329767055448,0.31780512375422004,0.004414659883637423,0.17251669650304344,0.16197847673174326,0.05548942983743724,0.019035339309766964,0.08641958627413535,0.12630835349130468,0.0183820927770303,0.13171353767822974,0.1103269102730006,0.07474452947950369,0.12261206765994041,0.044579792697360766,0.5707828318975662,0.06787850587266203,0.23286815681960393,0.5533820027508776,0.16858895993321982,0.2455761084957158,0.28867614494488725,0.1689738959834741,0.21051805231687312,0.1365069441928927,0.1027554232650062,0.09875225545166509,0.19061926522269604,0.15160352809630143,0.15708989437207882,0.20527571305806155,0.1317548332618825,0.09737600977190108,0.36919115314021556,0.31024711539796074,0.023118519984493865,0.34719964804709547,0.27579550843940825,0.04984574905987884,0.15186795556471572,0.09627822331162411,0.10329741787879132,0.3099572021782898,0.20599287525542045,0.5767885032136594,0.3658489895693569,0.25108084153417587,0.575146250053359,0.19456637178244815,0.2922411707461716,0.4093121012952953,0.47937446620873225,0.36779646919807585,0.25089716547595975,0.3680443872621499,0.33488096129553596,0.3286436291419005,0.13057213211089697,0.19151125240993677,0.3350128752449782,0.057746997421593796,0.23940910626090753,0.6520360540527447,0.10653504422165672,0.3102778736784774,0.6079296361980874,0.11246296925487183,0.17285691823434024,0.3678854662993254,0.2745613845031525,0.2659843335956344,3.140206977023857e-05,0.21886990360364256,0.3013010791718735,8.237555077875885e-06,0.15910630521446,0.22757097367981874,0.08169316874375188
24,0.08065753859819745,0.1417185260942259,0.03987680780812785,0.06207038447028871,0.10343697413341248,0.03509254483868484,0.006859177165236137,0.003501388718540424,0.0003131999878581242,0.24932340470166323,0.03935090680583953,0.03877536539089755,0.30867996320007396,0.029344333682904653,0.04080624575725063,0.22649787055258128,0.0004112193580885315,0.02738674858390692,0.1292640013918233,0.1328720459993287,0.015410717162817522,0.084618148410961,0.2508023885066242,0.013067573990166283,0.0037279494247821044,0.002989325875663597,0.0030246816723454744,0.0017246636034846123,0.03725928732522179,0.04710754136887165,0.0015065911795550144,0.015036013534619608,0.0224252815435075,2.1045755182401754e-09,1.1327092948661241e-05,0.0028829609520846606,0.35110135828619454,0.013646254876935294,0.0590673110728655,0.31087875430137213,0.00475259913353868,0.04270556055212802,0.07820087826608932,0.0011215129035852347,0.0002061826474662215,0.18454174805749246,0.033371219434186854,0.01804788370633994,0.162034076650903,0.007301381857681891,0.04703412164559998,0.11030423560553336,2.221433958575147e-07,0.0018276265295762812,0.045785115049078284,0.1730520098085379,0.026397144837034932,0.07102278584184915,0.2686860319078294,0.05017765950364505,0.01711136211501872,0.10215789952281565,0.01577438906860699,0.022799274447337366,1.1305645105440905e-05,4.3137035140197455e-07,0.115027311627919,4.0388260540920615e-06,2.497406105529826e-08,0.011871332750216757,3.8798952617569685e-10,1.5693444699795953e-09,0.00014818803632369695,0.00027200404129960003,0.0014198559774545674,7.903101486234539e-05,2.664900424180356e-05,0.00046774193189824946,1.0196446936021209e-10,0.00041256130707624744,6.27634828967493e-06,0.00017119223118427119,0.0005491271577493296,7.874331532354215e-05,2.798299693848836e-06,2.389277982499874e-05,3.0402924747148987e-06,1.4145709414782554e-09,0.00037695265609539574,1.2772830751618156e-13,3.8397864819326764e-11,0.1369948292751141,2.3948334141223623e-05,1.1776046681739355e-10,0.05375097500947908,3.80232821520476e-08,1.6227711529435098e-17,9.831693168154096e-06,3.0811858749597017e-27
25,0.07205566742789961,0.10964531303178456,0.32123845898536013,0.06702968834421223,0.06074472649125479,0.3499427616173278,0.19706461985723606,0.009321567314997163,0.17917570969057553,0.20189711189961498,0.11643816006968989,0.18989357921537653,0.21016495372042543,0.09580415608646561,0.27112497841636823,0.23308866463621403,0.06718853452107022,0.1773020511827185,0.5970246592156362,0.062128949057977646,0.03298438042696716,0.503428338061856,0.09941665709809658,0.06213716715799994,0.20713077458521348,0.06532080551395114,0.009362992452154481,0.11477547647207327,0.1876278911698025,0.04678215677431105,0.12830874361264893,0.37896930544350027,0.030126452508066556,0.11041837719440675,0.20800883524814107,0.03602835611945286,0.6995133702267753,0.021305136215904928,0.017347051964317246,0.6034857873676386,0.02208273588132656,0.04442339357236686,0.17557919112454742,1.2517503501691843e-05,0.014284032086329685,0.003905009557610925,0.04024136022859891,0.03900176109713069,0.0016501135650997696,0.09672670781899728,0.01577157602584192,0.0047564094680815905,0.0033588407660527886,0.0015471459430890522,0.001164344784676907,0.00421271027373135,0.006597362143883663,0.0009186626576462882,0.0010564720138533442,0.0013793701823674666,3.4073130783195963e-10,5.0561392724191674e-08,1.989259272469466e-06,0.0016430959540152752,0.0019845013087134104,1.4743716434715068e-06,0.005624671205453867,0.0018431715160374359,3.728089358028215e-08,0.0003319946761415104,0.0002338120287797646,2.113963039178203e-11,0.24159342661668426,0.0069288692573923494,0.000577468850627665,0.2225124004254433,0.0033453959492489023,0.0001315697988514946,0.0006481082782963391,8.322536351120038e-05,6.017408054118824e-06,1.8524472609654202e-05,0.0003837468965146044,0.014018554943007652,5.169957775387822e-07,0.00010429009668115976,0.00704084872044857,3.168904636188051e-11,2.4037775711013715e-10,0.010699896270255952,1.742647132400102e-09,0.0011226467339120899,0.010989893842747227,4.552217853981852e-09,0.0011893881459206263,0.004763543082744387,4.1665629328381774e-07,7.294135603413848e-05,3.918635232703729e-09
30,0.09787294010279257,0.006350085130346858,0.08130774838627232,0.07275434039853279,0.009631672557400677,0.034107581981683066,0.0021039332713169065,8.815444278257296e-05,5.451469060054879e-09,0.0672305510193203,0.000896692820791886,0.0005553503370334669,0.09811326899387464,0.001252012132169647,0.0002911070067065669,0.14878393818009605,8.350756473403749e-05,1.697835190430578e-05,0.0018413227737336204,0.008448114248290827,0.04704065934029286,0.004530858343801297,0.010201357569977334,0.03709684655678843,7.70287912354621e-06,0.0006520529815052044,3.6757055370915075e-05,0.026144707506717203,0.019917414423956236,0.0007161746208591904,0.030594927002056866,0.06220444991426471,0.0015200038845147087,0.00023064888330085888,0.00017399854878358,9.44616136531935e-05,0.02905609058393953,0.012429773046342962,0.09709698900601314,0.0214663930280737,0.016383885316865198,0.03326421250982259,0.00011242761182721434,0.0015622119949995539,0.0002045045803401406,0.025697184485894413,0.016243934737414454,0.06837545796912141,0.03316414475637393,0.01889483962327174,0.06656911378962468,0.13294900135744617,5.265286098514272e-05,0.001271324242510995,0.09130512584097822,0.03292469936952063,0.06119579402674733,0.06100174711509678,0.01917809882803644,0.0809198997852359,3.944122481379656e-05,6.905000888330816e-05,0.000749008742486648,0.04595127938853928,0.03175254843489661,0.07168482502437595,0.09281312354846183,0.03477227352725388,0.05243513405414739,0.033829412082613634,0.0006679514002117284,0.0009754509512185106,0.005131589400877347,0.008437854494403913,0.0325843006676159,0.009055253499638415,0.034346250061063434,0.05514359293328776,3.33857363704032e-05,0.00027667581213325316,0.0005559971593664569,0.042289313766413074,0.06926810147851942,0.05268051238206844,0.08124557381298131,0.08591529128771351,0.03218311070011831,0.0030187396201554364,0.0622301895112863,0.0013719135216220882,0.05697941576576385,0.10891437019049413,0.13966645813131395,0.08503481122550241,0.040184118379008586,0.1395961985516589,0.0005394835002688668,0.00011717702787470388,0.0025798422483575174
31,0.08423102064541582,0.02543027225425059,0.03004100106036723,0.08117840592588237,0.026914438871116737,0.017107786854954222,0.6792587011454283,0.03528357248468812,0.029179949392157723,0.046379115084554196,0.06620614986615071,0.0005091198995759797,0.04163119515279069,0.019417396872874467,0.0006303651961621464,0.06861502800671761,0.012467603606714575,0.001371753749492981,0.0021712748165456206,0.034842807794299255,0.04542559518775054,0.0364017315731376,0.009848302285600184,0.04535691562858468,0.004475367948481437,0.0006252091985120278,0.014831019956691251,0.27179374257293126,0.015805102721551036,0.00043508732015970345,0.2348804013283768,0.0049103503941476286,0.000894093782390835,0.0033375125665688473,0.0006688861096892287,0.0009427683632445635,0.03151936684328633,0.10504802100912211,0.017140203387832356,0.024021211148898693,0.17333712668471465,0.02328637460326079,0.0007468161397153039,0.027016393715787904,0.0005676225707057749,0.08129404927525034,0.1733771424113552,0.04918200875576016,0.09135052141793074,0.25587130241319067,0.03130204356314677,0.026086852792225494,0.030912439974230124,0.0003391352021910631,0.01520954616117543,0.01158447531463009,0.07982710731423444,0.014785794230193293,0.02403008288187529,0.06115816846966524,0.003729416760511249,9.701360221652917e-06,0.003939313133140091,0.013860770711852013,0.035508667829359804,0.191451937384489,0.0014095103271279435,0.021210729013010594,0.14137553393344357,1.900603664677133e-06,0.0013674162038900886,0.002009011350386846,0.012344024343624018,0.09025059603401574,0.04350915385720042,0.010147596069094982,0.09575135347151574,0.026789359613881562,0.0001140007003194954,0.0008183827074437609,0.0014131704033506513,0.05313090913025445,0.03524400251282108,0.01296787417954446,0.022195155963449884,0.015769839847653195,0.0067570570050532516,3.533240169045531e-05,0.00015881417552113686,0.00025361864374905536,0.012316058796568436,0.11465173971265083,0.11529030122305589,0.008902728782288899,0.1426223975729305,0.11714647704033997,7.771090513534426e-06,0.001912042837413448,2.8780429552592595e-05
32,0.24896894960761787,0.23508717794456113,0.21456327390287686,0.18933884348151223,0.24627677985690036,0.20064365851847318,0.1009711541397542,0.042630904069974135,0.1466511221449789,0.24681228158228719,0.22271551185056904,0.009753536154588276,0.2517078558633923,0.2515418344105896,0.013670105450468829,0.11231393454952641,0.16560633748783452,0.14847799632057831,0.41194087885018704,0.42954113052365683,0.21513028746958926,0.33657521224317666,0.3894462024847512,0.2386476356566638,0.1938088971890322,0.202495335963659,0.14196419888190145,0.003757434020797948,0.08302776108725378,0.06262010613899145,0.00481152514352271,0.05193319305754506,0.10115288561740382,2.670511102329414e-06,0.00012212731652873964,0.14429999755860556,0.27337079681660154,0.39052069762946867,0.24951663926794265,0.31951644033968457,0.37870636723959383,0.3324903404892085,0.17406730331502124,0.17764273202489084,0.3182245648027071,0.12161804493091562,0.22007528134480095,0.02952372513230283,0.1633183703502053,0.239710029282694,0.11517506080657196,0.16862018760763497,0.09433155057184628,0.1401467220223091,0.5808985293647494,0.3900656430228776,0.3934746476264084,0.5045910275001356,0.3615446528971381,0.402597120223668,0.277584825370331,0.2219492913332691,0.20505412136428935,0.3073938688196114,0.3871514052859484,0.29711256553255677,0.300001098129886,0.4051641010378183,0.3826142858953741,0.14601691579004272,0.3288952769939845,0.44661941452456516,0.3996163691530468,0.21426369094128841,0.5344607514852746,0.41870228002777327,0.27642847153780603,0.528159714257764,0.2508578931200852,0.2726914390338265,0.39149274721620053,0.31787665245548585,0.15376762492769877,0.13524450394172918,0.33528487507811555,0.17304026427631208,0.19426839107652344,0.27042735562839426,0.15964509897703583,0.2773737267075442,0.150477407237499,0.00646471913420652,0.34766550590782347,0.16663991012397023,0.006602933755801751,0.35144410947046306,0.10856426551133035,0.03547328404483155,0.28975321864767833
33,0.12883750634706176,0.0007794364057995607,0.0007591163924260792,0.13897934576006074,0.0004935395028332089,0.0002694742500576564,0.13903898399489484,0.011790461255426321,2.2320961820553935e-06,0.23582069533031758,0.023777428553200194,0.1331277872549071,0.23338604013654474,0.024470281739016123,0.15021731329964133,0.04228432277901971,0.021108605650909554,0.10919166602126446,0.018850151024017044,0.17695813723676077,0.3076582359493101,0.02245356437196463,0.13508428800765812,0.30522872022019737,0.017801826309240626,0.06404493250484299,0.14470801260283891,0.38088766799378104,0.28198502357492944,0.156598709285712,0.35156966188354505,0.24234902519492707,0.15014586131646537,0.0167709717031779,0.06089192312261689,0.028510408168978107,0.04442730729659949,0.26452416052241573,0.07310019946905294,0.062312206453752364,0.21049324158556548,0.042215594811243304,0.0698968742878533,0.03937020139211818,0.00024497404964625083,0.12116540798398408,0.15414865305567604,0.20024479061428582,0.11157668250454005,0.11233566534419163,0.2736807273001596,0.07487492163604481,4.3621004653128063e-07,0.11487813572399828,0.0022788682316853253,0.19888615755800879,0.2383254112130043,0.005298711433087696,0.17816751837115946,0.19960110912528894,0.04323372973546891,0.05967244132174655,0.09949821073866953,0.4029985129782271,0.33435692937102857,0.25955334392941126,0.33141124976182773,0.3640130171820659,0.23861414004110457,0.14131465826830533,0.15118836599562163,0.13304874985043413,0.20805711270038116,0.25143441866859095,0.1698864537279868,0.2199565127224996,0.21859996385291913,0.12963305380597312,0.09247386988023337,0.03078969105915758,0.011183752927695264,0.03522200330447347,0.11297595741593335,0.20887830633899324,0.027561909246432516,0.12977911616868365,0.21968823606540688,0.014464397500567607,0.025610264853487302,0.10013060442717464,0.23696776972111722,0.16416324828042758,0.3678953684876882,0.21250821114139037,0.18826037719410715,0.3699127613494539,0.0007524415938465794,0.13351900695441488,0.1701640261011913
34,0.2319250603356215,0.11706470848649395,0.020123933251690783,0.31732365570356413,0.06649116535599224,0.015690313266798723,0.15402497741950993,0.00011739196994343412,0.001430693071038278,0.11427669857281822,0.07723685168574852,0.18409583131235666,0.09507178243859722,0.05499652318760588,0.1793756003949387,0.008838664673415122,0.0017648739572284885,0.028668864180626828,0.008386142741545227,0.04752787384555788,0.004155022200137799,0.00471469489571755,0.08818432250135236,0.0030864243599995887,6.547060608642616e-05,0.00046921380293059247,0.00017358551969752983,0.00904909215954502,0.03848680287684029,0.13727969858378236,0.00308250871494456,0.015268796419204084,0.08221726580237644,3.570953021114226e-10,0.002152657924789612,0.008271382973386577,0.012728605341622914,0.014371402852875716,0.07851317704269781,0.004729275908714645,0.010710276140439755,0.055473005039695565,0.011202123324036115,0.018983445660349305,0.00602487177309439,0.2574982760572549,0.00813597259883187,0.01602851516976444,0.1701125640980412,0.0027308894492327,0.046090553110957215,0.020958401065020824,7.549086679848491e-06,0.00011936387879624296,0.0009954662511089507,0.36571755075412116,0.014169503009699314,0.003595467884064485,0.4047465840427904,0.017886479612527695,7.571300421607364e-06,0.19380031347764864,0.0009588914693975855,0.012206310720390925,7.319445123601575e-05,4.7211861369250957e-05,0.0050456464793659,2.345369277360828e-05,3.631317974140357e-05,8.256607318954901e-07,1.7393282069146365e-11,0.00011471091159512525,0.002068956617715124,0.00032241552343911404,0.0014308794530852118,0.0015840013013055665,1.220465544066482e-05,0.0008009005233522645,1.522124772103735e-11,0.00039164105952547306,0.0003247976052908526,0.0069074880615919996,9.290718137311887e-05,0.00022274702391896054,0.0006650948824412126,1.9026272637266642e-06,1.7913965410166332e-05,0.02183778243013004,1.2531131346824167e-08,6.994445199126177e-07,4.4082095382345945e-07,0.0020534974108427826,2.5395494650674e-06,9.411045412045196e-07,0.000985697131318017,2.4717688357984562e-08,1.8317639387840564e-17,7.17803678532031e-07,1.210842725002239e-21
35,0.09820641973120701,0.3610452326126166,0.07126226000550168,0.10727955978079666,0.2766669702092825,0.09684997233240204,0.09026309892271041,0.054771065238431546,0.00632620352261822,0.24718549892773256,0.08434184904489836,0.16727378322053665,0.25914510855873624,0.07110303142865312,0.20953419946962193,0.36774320188623194,0.00717172068926589,0.21207312252699204,0.6736027095432637,0.014176755351505284,0.007175162585622754,0.7278849454911432,0.01338486872919581,0.015540884356169307,0.557231227786981,0.0011429058714740807,0.009824724725911057,0.224844902614911,0.16986249935258702,0.16071372060621078,0.3424407759437603,0.2308933436189538,0.12754963109353798,0.3562058138341201,0.05939665222750294,0.03279662847062579,0.004542787959587574,0.0017673142375859393,0.012046253126335891,0.00023723230580029037,0.000583509679251123,0.031378248074952333,5.94741436597658e-07,5.314659695851208e-06,0.004566649704004947,0.2566208444027456,0.0061646655259176035,0.02321531681500429,0.31982512747893516,0.009189320555342958,0.00603255305898325,0.25200867871056265,0.0005999866746617288,0.00026378512604647057,0.2329442414745822,0.007112825088196165,0.007155999661366369,0.15431126845078832,0.0026293971667171756,0.0012926380647363383,7.560684081413357e-07,6.022838058211301e-09,1.284616995556967e-11,0.00019516836908812406,0.0005207747473185975,6.944280578032673e-06,2.385878304385967e-07,0.00023617083273531653,2.1244032030134021e-07,1.1688972797022704e-09,0.0018684579321566236,1.4933310897397095e-08,0.00217019737897488,0.0017324676539521428,0.001096598045768596,0.0036268318398433954,0.0003782680283142075,0.0005543102039959543,0.0017403470301172942,0.00017679932356209327,0.00011941362542539176,0.001759712106280968,7.944352849930476e-05,0.0815545944257268,0.0006894213651665881,3.0271888605439985e-05,0.10189718949804759,0.00056405600043151,8.605974013244987e-11,0.004842884792878712,0.0001639487769141728,0.036143484209397815,0.009992439573766939,0.0007377289441359391,0.007967248320563078,0.01728129293616637,0.0832186368945503,0.011193700645865027,1.1157710065208854e-11
40,0.3022070302421379,0.012605552360473591,0.027288619793488237,0.278177963018586,0.021726100666339457,0.00877788650449005,0.2011655433531159,0.0003032308766815487,2.214206927682385e-08,0.047426411460645045,0.0016172984008327833,0.0006436201217960966,0.049791351670565226,0.0022328133131289123,0.0004436629262584317,0.057223768051828,4.502346304578356e-05,0.00032594655200174496,0.005782381708750224,0.0028739749054695904,0.0111622631403255,0.012573607061094078,0.002627044685610049,0.014577631732616968,0.0001554868272463532,2.323153197564807e-05,0.00025417849053185134,0.06645945218185732,0.016437571676622423,0.000935703640886878,0.08288645545946029,0.04361469494066815,0.0021517167346439972,0.00265930051413377,1.1451646587049252e-05,5.773557782766664e-05,0.007807776640451356,0.008897572028825905,0.06360374747601412,0.0033478852438543496,0.04019021566344111,0.02568488417157827,4.653232945866295e-05,0.00012592951193576214,0.0008261919033564464,0.11989906985975059,0.009313079151701471,0.03468599858518705,0.16128808455997753,0.011776238759381486,0.02582666772012411,0.10533143081864828,2.4016798518622778e-05,0.000488883995687786,0.08378818459527185,0.046308815645261334,0.06383320440138916,0.06274288024754202,0.03093786198817122,0.06412872130643744,0.002554787256940269,0.0009290097855629056,1.9850007825772763e-05,0.04206181827866143,0.02323438761922681,0.11515726390697717,0.036934438185109796,0.02742581532425179,0.10041351159253603,0.000248702933345992,0.000674813532565604,0.0004452497768612753,0.01085657312055324,0.004141195018417174,0.0357022225689707,0.012115875499263908,0.009545754841825831,0.05003657444547361,7.0002102556298e-05,0.0003313541801153935,0.0003098310914879422,0.0007365942573591483,0.05286184064181951,0.047504788500953,0.0027173663329372235,0.054165390417479066,0.02262598917268434,5.9739601183166595e-05,0.0013365649316973273,0.00026651383052681807,0.010692029862781496,0.2537747212822882,0.07892668061554839,0.022011441711202225,0.18850605785584806,0.06488078090392431,0.00011198260906447502,0.0036261814427868294,4.677127475079612e-05
41,0.10447072579782805,0.009650761463776874,0.01978499979048351,0.055017890183097974,0.006387094094454595,0.009133688399620152,0.22377547642707132,0.0004136766016532669,0.0072502381550146235,0.074928371398448,0.03294501127721266,0.00036982490302557325,0.09542992986706925,0.006753893911916789,0.00044218672514182073,0.24004681160583025,0.001540124456306601,0.00023147015715594348,0.002980588707628941,0.040742972536147226,0.0004041578038610841,0.025789200098876405,0.006437167415177246,0.00026821512470104987,0.00032967578043345346,0.002264552849879873,0.0001378497159467141,0.09409239565811289,0.03479631315727309,0.0008927760233132621,0.08663008068837896,0.012641564293798426,0.00153535399739235,0.0015102202285019312,0.0004555682945103591,0.005712968158556557,0.02405577571977187,0.013478226405604919,0.07933644381956048,0.019733510167006436,0.00777144647164952,0.10434159449362804,0.0002229897349932174,0.0010505195262080114,0.010666713912627272,0.16987367245638504,0.08228814360979783,0.040924626239187745,0.17206554167022228,0.11125952898850938,0.026669736337935727,0.10058675290002682,0.001538022618598694,0.001359809531431323,0.044230337397975945,0.01287606514055224,0.042562348496704656,0.03727881714192828,0.027367301980236708,0.023671005889693862,0.0006639461024753689,7.481833062519834e-05,0.0019560429063194213,0.024648717915229473,0.03731568435294697,0.12434885668115847,0.008458118849360154,0.04020060041991814,0.06313613623294188,0.0012773901261834814,0.009981103950662745,0.00034135405327362204,0.03110792750927959,0.07566272768244704,0.13482148016639176,0.03044397310001444,0.08428289453903204,0.07801780629518934,0.0010965987641128152,0.0054261776547336205,0.0066506337660903825,0.014241295993731562,0.023474582058327368,0.04215798911748425,0.005917173996425505,0.006194432767219132,0.048985232416139834,0.0019492577053520945,6.763148990221914e-05,0.06119350302394143,0.11230043377128773,0.019852857265918174,0.09502626104409409,0.08436021407484003,0.03253870345444462,0.1232066558147796,0.004860602956137839,0.00010605328765255321,0.02093392548490936
42,0.02964012571656109,0.033907991106853747,0.06401260468285506,0.03903214197236099,0.03559166573683125,0.07179068931139025,0.06713298230469529,0.007676619077700362,0.02037769759088943,0.08485588039068452,0.022393277310756854,0.0642789095549877,0.11129173156041927,0.03443872022963793,0.06127662037608038,0.11293681870007131,0.006664728075262065,0.057461859194045374,0.040677565064501424,0.03522060327717355,0.0032592980180842237,0.049859035712715605,0.02414522797878544,0.00518159354650009,0.07327693195993219,0.018929711221057785,0.0018179672371050415,0.02738642817355982,0.012712304754557834,0.014318515750984492,0.03687369727507454,0.01382759251254556,0.01934130513135052,3.2999601331058685e-05,0.034121017586571024,0.002571901879334573,0.01080222117024911,0.02000960159882993,0.013300144464014785,0.0016718887769642617,0.02933032410429077,0.01710745067477258,4.487693444840154e-05,0.005475265398721145,0.0013614146528714696,0.05926584367383482,0.012787948026002421,0.01277401338033325,0.04460741836908344,0.008730789353596497,0.011612721767480818,0.016340875864070917,0.009560721904287509,0.0018114888481462602,0.020307867541286113,0.003473223691219445,0.0017058063179973724,0.016216978974422373,0.0021414042306755823,0.0047932603652525605,0.04326699174694947,0.0007470942920239758,5.010817915112861e-06,0.0007878379211009467,6.189000264127102e-05,7.940062661407028e-07,4.019242780492166e-05,7.146898468944203e-06,7.738224628801842e-09,2.9592572782345528e-05,1.6767194105693466e-06,1.6534233834478907e-15,0.16241902816979864,0.0004325369877039838,0.006170810352942719,0.16402720037615376,0.00010947243265529252,0.004895507937424155,0.03127103136947467,0.00025148881002503486,0.0019347211615575721,0.1054454661854146,0.2477011735937918,0.0002813010533478935,0.11107238500202231,0.18348468121774367,2.5790022819224892e-05,0.03086366440453545,0.020486984794183666,1.863342890508747e-12,0.010328900570588806,6.62745787113733e-07,0.0009622118646072554,0.0108167598387859,6.279223550741342e-06,0.00040807548112673766,6.51218506686794e-09,0.003883643106604731,1.8127640851717927e-18
43,0.06028081610575761,0.015174071153747299,0.009044272585083874,0.04794737807891804,0.018965389586382407,0.00884665209384114,0.032075276952133434,0.005667525463261203,0.03790589102863698,0.15722285230827954,0.042410807000784076,0.11612354866844564,0.1428687945113897,0.06422677870501008,0.12072888850843767,0.10032855857520075,0.08978690697461238,0.09030405007143515,0.05483528127696276,0.015037020519523676,0.00020466545606091332,0.06573861687461033,0.018316844752702455,0.0002941857169933916,0.07180000369610004,0.01739294351376669,0.0017943607898219488,0.0027984867038547767,0.001143683884627387,0.03288934838753332,0.013618220025759173,0.00015618880828855645,0.03390669861911622,0.04260623382719235,0.005369473295937039,0.003383050708516332,0.00048768018458412353,0.003313965821863339,0.0057893538448640855,2.567235083580698e-05,0.0023004688903082438,0.0031561141018856182,3.008401543131993e-08,0.0008984884247137975,0.0016069205559051567,0.08222582864697534,0.056985635354978206,0.01143867027425666,0.05530343521176082,0.060770744750984304,0.012956200801428822,0.0363081742602399,0.0017501699845116187,0.003462565601928465,1.3851551681357628e-06,0.007984302433049744,0.03416753839010365,1.2139668163737618e-06,0.003434671179940759,0.012645757979622016,1.8024927347507331e-06,7.857824852923815e-08,0.0017783017737800658,0.005420918209357502,0.0015616098335146005,0.0002958772118665322,0.0004181997324602342,0.00015461596451209238,0.00018959706267950672,3.6461529257185837e-10,4.081077106232087e-11,5.620068021684623e-07,3.0146708897819244e-07,0.0025438108951422508,0.0017019200069039871,1.1876704242230388e-06,0.0003758165026311627,0.0015484385701811524,4.6443588979579284e-06,0.00015781170808692842,0.0013989082938876526,0.04582646416331759,0.018805954538641288,2.2768965922647774e-05,0.04626542635869941,0.007851566363095936,2.1549988137276664e-05,0.0032828774953701984,9.059754018215106e-07,8.752430479044538e-06,0.0013393428017308261,4.219004224645196e-09,1.5025924039514002e-06,0.00042204575802085476,6.079050884634918e-07,3.6529312170910243e-09,0.002439387339821856,4.1640058831947495e-06,2.751134544630635e-32
44,0.291892208066716,0.1319137699268722,0.12489627082192947,0.2869970522588284,0.07339901786147993,0.07990601655302224,0.12637157749477043,0.00047394968399991436,0.00011579392047275597,0.2977793975355138,0.16572781205640422,0.21794492275712588,0.271233146299626,0.1236498052255523,0.18819017570422972,0.14132122120689292,0.00516930754246811,0.04427009558640552,0.16709620956968546,0.16242301059797595,0.2916786674652066,0.13907109804576545,0.2044368896044364,0.21697690870722952,0.037129421349565685,0.002571372160583163,0.011424262697210735,0.22922076209154765,0.23869690201951996,0.2212421558661799,0.18562506713856053,0.1788707319410851,0.11652419179058042,0.02460047976271482,0.002162303692317339,0.003205320749706117,0.29384934037492433,0.17824690119595898,0.04486181213389378,0.26875567775076464,0.08517968591283911,0.02031122803700923,0.08164094902830196,0.00039168595809931176,2.653810740985937e-06,0.2849700054499624,0.20460129918281783,0.0735586747043606,0.2844483570699851,0.15034771233089086,0.1332248171118942,0.08966716683129283,0.0019459224050512281,0.0008705539114446504,0.19668836160618935,0.21749934465903492,0.044932723210640124,0.15195799701438945,0.24164992908611188,0.06756120399892715,0.002599775846725103,0.02208457070343388,0.00012840187357261615,0.3719382023462924,0.22372885546773702,0.17037020449416326,0.31839908951692175,0.20599091027723546,0.10677486358369273,0.1427110558851288,0.12453277221426039,0.02384421688980268,0.22915740705138513,0.23460678736957882,0.07518029022174641,0.2728311407244947,0.19430961376490996,0.051488498123329215,0.11582243762723644,0.06116070613291581,0.00368536119476079,0.4629869461144659,0.013649714166058098,0.2195771836351565,0.34616498311237204,0.005147193867539771,0.16968365532186466,0.0899708446719087,0.02068957561744929,0.0768839840809736,0.09531460899147116,0.08757021604339583,0.03671663144395244,0.10526042120126392,0.11038277211221088,0.017974790308449864,0.02861910692063321,0.10615936508651315,0.02752991507154049
45,0.3454680757911991,0.28281942947088257,0.2955795202769093,0.36272568590184096,0.2738146883993192,0.4069427587081007,0.3197267372423572,0.131576460377067,0.2489190118513413,0.4200435526424501,0.19758083332510443,0.27932640039054135,0.46480194929645186,0.19562877611865748,0.29228586432308595,0.33859135936192397,0.2107118116722093,0.30125274441899785,0.22197737555364125,0.17939239130871956,0.31836533670187744,0.2660517793484842,0.24898958622057227,0.3807073852852414,0.3751713053627325,0.23726881184422446,0.272142325936939,0.20514087880247436,0.11547818895858698,0.27586640728661516,0.22545801855272987,0.1864686622471609,0.24504056355513257,0.13276025208122835,0.1755843850241948,0.21489052621989163,0.36612631704597076,0.23545516286060011,0.18787394472165053,0.38484422667262425,0.417229898323328,0.3805145405058587,0.2946152883893684,0.24413665463570192,0.2633654040005385,0.28652086350265027,0.13557376754958203,0.12767994842417632,0.31088363377758566,0.177895816808556,0.16903922726202544,0.30556042387715876,0.15212147333635012,0.10431113939799491,0.46854788870470077,0.3580399969514472,0.225070853702122,0.44742895754406925,0.2639192493568404,0.27491832542499695,0.1987795082992093,0.08817265481855635,0.21581299094888787,0.2425786415863518,0.4462971297252109,0.555643346813135,0.3178377463493122,0.49088541029305516,0.6387491586821261,0.24440492769960545,0.4293778187945778,0.5773195077425718,0.40377077471266787,0.5291979684254181,0.09222132938856613,0.38402521538253526,0.5174072147791611,0.12536503875187133,0.1791953039701328,0.335821027005222,0.2928143660694931,0.3516317809908578,0.11406343622569476,0.3608032846551401,0.32203338978092205,0.2505631338365276,0.3855481307434692,0.2698552530660679,0.27917103345524563,0.30765210652653974,0.19907289490525723,0.06529787708414425,0.1360771273302946,0.22979084860756457,0.12927793931353082,0.23247724156665436,0.16472376521090262,0.28721094818754245,0.24619617103191516
50,0.22770020326008852,0.010734346805568623,0.03771728550370692,0.21908499114497035,0.01754408121495938,0.014652309143163879,0.2381357470433288,0.00019423186803742992,1.4890047620006443e-05,0.056953134040430266,0.0014193307369119587,0.0005216091165400827,0.07194295982538776,0.002232703854038839,0.0004270905558778507,0.2072998858511124,0.0002839598785270071,0.0008877419338679775,0.0035187280333538475,0.008202268994533734,0.01736627344187041,0.008953170375233507,0.009142604740335236,0.02434005907174475,0.0004268257189420027,0.0007531987792523037,0.000701550080618995,0.05843376719249451,0.014341863504380704,0.0007923581001704348,0.07851795276000263,0.04357755387113906,0.0024471530786939577,0.012713343154309381,0.00034188085645233215,0.0017902301526006009,0.012485018160077957,0.014374998262439152,0.0349933998867391,0.011713972645966603,0.04916597308246961,0.013338522114769949,0.00017240973151075016,0.00010245429923489085,0.0008225776052400235,0.10639423281249845,0.013013116458622388,0.0365438750907826,0.13191844992640575,0.020932111872366124,0.029360674627504395,0.16448567257789543,0.00015452772739597226,0.000421296992661277,0.06252423120210279,0.04982989202335533,0.06871976000441007,0.04356715044782992,0.02736050830127868,0.09465065989457681,0.0009909128827555861,0.00031026352063258687,0.0026045762003796256,0.023488975634662516,0.02570048084703336,0.09775019749925935,0.012902941557370665,0.033142755300423966,0.07491102461625625,0.0006214380840468492,0.00047949504601124904,0.0002752591271172643,0.03000796596528481,0.0022055747369383403,0.04151860219678544,0.06996420415216646,0.007421750542609496,0.06950487750929069,0.0012573415111705628,0.0008839606058844785,0.0021737706745015347,0.00233912853118553,0.07895254922912424,0.0461544674214643,0.005850310287742836,0.09770903048582574,0.02242903820598335,6.432477687643906e-05,0.005025298671923435,0.00017429561685373038,0.029152419076340412,0.27828953638036014,0.05946529843149705,0.04684845937994966,0.15925626153177894,0.04429508178938143,0.0004158826363301433,0.0030049522908221294,4.4134605690160144e-05
51,0.07621980934293049,0.009221320261018386,0.007899772618917474,0.04029344320146028,0.005076918992955526,0.0031324368841243646,0.07095431642638121,2.8250472753472243e-05,1.5642666672674646e-05,0.10388115835692815,0.013244467173544857,0.00016434214283116407,0.12614736133294022,0.002395570918646013,0.0001743272360359452,0.14925890124054678,0.0001774188737214745,4.41102756682936e-05,0.0016098979520953597,0.03285455446888125,0.00043800838530907586,0.013494346202336912,0.004673231376669156,0.0002395087808736297,0.000148866925829052,0.0002014856435818784,2.6549168553912116e-05,0.09899030263262934,0.027723794920899252,0.0003236061256918971,0.08948555572430902,0.0083882053090691,0.00032380209106362413,0.00038289693897769283,1.2057067314486914e-05,2.6087585915235423e-05,0.009770277410321946,0.006850794364112044,0.037537414101303165,0.004126377528457922,0.002597643744349205,0.041750187527093745,1.1503747600046734e-05,0.00014162459667045482,0.0005029016184660575,0.1735196966111683,0.08034084772496801,0.023877450109169526,0.19726017682957067,0.1023250895138394,0.010360189576373035,0.10948797723385334,0.0009839964203368285,0.00036424920031268715,0.026528500934804838,0.021187945513971455,0.039075723577476795,0.02262139989129825,0.04795667173709525,0.019108648675622727,0.00023850522613680407,0.0002495388401265248,5.0913981467134024e-05,0.04566262877748071,0.025876998114968092,0.19494847137283722,0.04617149358837446,0.0181533442882949,0.09468656029419589,0.00010251400109401141,0.0032399611149031143,0.00010604890555189067,0.0035482600408614693,0.02898298446376109,0.054293999180733625,0.0038782640871173756,0.025723018173244516,0.02632499016542827,0.0001508920989554881,0.0008747106327427936,0.0019759572610379634,0.05603289331411835,0.0371119021028596,0.0332612141923718,0.024115269719490275,0.010704357573172577,0.04763185749646297,0.002443179954516043,8.143672479212e-05,0.06478896721436993,0.04627325774408027,0.004976479102511175,0.04494071815631397,0.03131645052226268,0.009531210003404244,0.0362018998090915,0.00027117483043732324,6.795718064284561e-05,0.00026112622312111857
52,0.06292169483680407,0.055588608486786324,0.05220905906666309,0.07800766775217384,0.06967075744445846,0.04278042603984871,0.037227071808358325,0.015800964101514946,1.2106125473499198e-05,0.06353824528086702,0.0052718123223004015,0.10320073333684568,0.03388729310256098,0.006597832786296849,0.09252492460507712,0.0047137896061891695,6.497534208445016e-05,0.032139211438066376,0.008647899964732387,0.003854572473600611,0.0003983722535512877,0.01169980152073307,0.0016670004742716327,0.00032261815146392364,0.011569179246291549,0.0013338951598692386,5.4364107152662757e-05,0.003247120008655053,0.02629765389299426,0.018667531477343697,0.0025828444922114326,0.02768498022092411,0.025472715262084958,0.0016336721930147358,0.0015664742005103676,0.004102206137101424,0.17694854899883705,0.00391901855443985,0.01750249585507025,0.20133070812435935,0.003101302367601566,0.022815790908761093,0.08518334371857487,0.0007959219819962885,0.016289613004014762,0.009932813729713986,0.021728420136667433,0.018842574175295772,0.012234998615596028,0.0073605880788037,0.025908565375356424,0.007450813484548185,7.69550382718405e-06,0.0013665050596181941,0.04606429217828618,0.023358366917868932,0.0029114931808593278,0.03466591145369708,0.015405482004696039,0.004584410551177317,1.6138838649607612e-05,0.0012556029137261017,2.960572784690726e-07,0.0003221689657620628,2.003086961213432e-05,8.745032759543362e-06,8.506581963838888e-05,1.2203466208488275e-06,2.4614687545420713e-07,2.5142565247966703e-05,2.3153035010427516e-07,1.2323681585978109e-12,0.02896367415474759,0.011973044137828995,0.004851441387237079,0.021406803790418236,0.007495501640502174,0.00320477809058816,7.908190877309325e-07,7.259127997618832e-05,0.00032742126735413503,0.07154318049855635,0.0007647213012870865,0.003663669964137864,0.036103870507448094,9.76858323778307e-06,0.001591899851355389,0.01079029288141919,5.7808855127171735e-08,1.330482827762825e-07,0.1344722191242957,0.0005955074354761602,0.00013317846842567,0.1718437557164719,0.0036488259704563638,4.9729335042618504e-05,0.0451361702373346,0.0005350090613454857,3.652470023767959e-18
53,0.02347421121903401,0.007837450569501466,0.022188295096799465,0.02638392048419827,0.007698832771542611,0.016808755533964544,0.04103317275753789,0.00014148966507763838,0.008221548994778302,0.0320731393748992,0.022682185034851112,0.05857290096488198,0.029701904253228238,0.021841751958301153,0.04288242854819849,0.011528222463236208,0.0006678478935965954,0.014143048343793466,0.06683620650966311,0.0013583318434573137,6.114261556153484e-05,0.06473594486854226,0.0007432101591113864,6.132756405654181e-05,0.055888715348872735,4.888422345244104e-05,0.00010058786013659722,0.001353930267511271,0.008124778962735082,0.007549350015746313,0.0004923345159039776,0.004673911411596245,0.005911108968145397,7.169901929894059e-14,0.009731836545899505,0.0010716053056685586,0.0023136588621245477,0.002766829047955416,0.015817320233874225,0.00026267059606404963,0.0028246246298864576,0.010401842396955982,0.019456149138833485,0.0001562697427773717,0.0009809526870216438,0.16903414580939838,0.002267741197781268,0.007020695466882465,0.17920195357700688,0.0006601412306129777,0.007244493622685601,0.07203136012237361,4.072950390705764e-12,0.00010814847033315562,0.00032987179790038804,0.06359555424771575,0.040730435058964544,0.00014890717468564596,0.04349774230475223,0.015224450706131145,7.3104407840945e-09,0.021005742344334898,0.0033584844889207426,0.001431212850320064,0.0018893333370977737,0.0002738199728217174,3.59237916951273e-05,0.0007484223811145074,0.00015233390863893034,1.921623360636097e-11,1.2822852376148312e-05,5.516329968261685e-07,0.04707824532736799,0.08972167793844836,0.0007950173077198443,0.06129051297826134,0.05105311522906675,0.000628383983594086,0.02780862814917582,0.0004724346447533815,2.4371611817680483e-05,0.001126965112813247,0.009587049011815842,0.009845349360296508,0.0001481628403069986,0.004280228788434299,0.03573236913293701,4.769568513438198e-09,1.3149229614423088e-06,0.0005031024840696709,0.14179306934200425,1.677205636172397e-05,8.617354754904926e-10,0.1254860790929459,0.0003816749747895566,1.97051252986247e-14,0.06242206286181937,1.2692215455690426e-08,2.4011762831379746e-35
54,0.5813364989076427,0.22448148814537333,0.3705312877606118,0.565091564784172,0.25987872925381567,0.2786457094939449,0.4392576761961845,0.2383124813263826,0.18941273845139733,0.4876261287192746,0.35252720957129685,0.47808380951513374,0.4967683252543708,0.37186132426139984,0.5389711837360851,0.4280304993186411,0.304429604734061,0.46626518978310494,0.5687644626176007,0.24367942953137237,0.40144450098773926,0.5927010669266111,0.4894116597808539,0.5023924540469773,0.44441206314707044,0.250378869270393,0.46087334743664893,0.42142318858714994,0.1920215736522589,0.4407979308441199,0.4741318851845898,0.23337760832325607,0.4261905387913859,0.3101752372417896,0.20697079206204838,0.27343494464472684,0.4133216714108877,0.47795208011114126,0.1818626287001911,0.4562963374006885,0.6269687563582607,0.18325676590981502,0.2625188949053991,0.46460367282691495,0.33205677084826546,0.1473678796074982,0.46360897289150327,0.09852918717942345,0.16928842665317664,0.46458875798834365,0.3137613400424996,0.22476356307574863,0.2921306787366837,0.2257933432457558,0.1441931177491037,0.07881988662662168,0.05842468258710952,0.1593889746141981,0.1688068363332608,0.1473112326162584,0.13617669460921827,0.12117980445230803,0.18020337589315077,0.20593752813361682,0.4938101326654883,0.5830842362268351,0.28207925029055475,0.5248762290598568,0.6489587117200257,0.1913415824579622,0.3432798435496871,0.5370781966859108,0.47440919282625377,0.4820404994443649,0.34866370388083423,0.39241385680795626,0.5287507691544779,0.3706001902912215,0.24928251455084013,0.4162035261730801,0.28826447742687306,0.40554535088786436,0.6453037682719658,0.5239299584277505,0.39391022785354235,0.616952118892932,0.5574125648252723,0.20971470949248433,0.3912742034836825,0.42578793436957735,0.36354797252600934,0.4490025578102666,0.4769697009076876,0.3084748986046471,0.3997045901396693,0.5259535174301205,0.10917042932149894,0.19604923951513017,0.3086283159516936
55,0.4974913750388005,0.20965456539435398,0.18529298034108943,0.45142397366468817,0.14456005576917508,0.17980664270025415,0.19382426763762486,0.0075664660927246665,0.007558421526799156,0.29648260506016,0.3943162220348246,0.47604588798052894,0.2444525009663893,0.3455088659653855,0.4319747676999718,0.09741497839884145,0.05363347080010007,0.15183116703113259,0.43325462173103935,0.17242935636491763,0.2690335484640971,0.389797404190998,0.18456521345513463,0.23929124802507964,0.10895972258597976,0.0060544723459738875,0.016578568138053175,0.3772600887809722,0.14778485898362057,0.320269642554178,0.33292444794428966,0.14197135574119624,0.2398007218560614,0.001771917897868657,0.004853082233467558,0.013145574832074538,0.15918784849216944,0.22418043038112004,0.1077337745410702,0.12803952010356098,0.17444523426127306,0.13518069699829846,0.06309654231450426,0.0009119338712737464,0.0003451417591572976,0.21286728825444537,0.237507916752057,0.17922096731083054,0.18573616121637707,0.23255207483466703,0.13990923610193376,0.03228716163485125,0.006404984898068252,0.0036814606361208918,0.2542857906985179,0.20514122880293476,0.1143635735239887,0.22413269008909126,0.13878516452718273,0.08298536584769446,0.015079799698492794,0.0021148495915564287,0.00015291150067436187,0.47149586652163067,0.22038157032179406,0.19647942996614107,0.4377260359953266,0.17159131199839728,0.11819938426348367,0.2291262884532715,0.04393697115973426,0.03351461028873716,0.0773836966911832,0.16386880088330555,0.4359105201185689,0.07572132880996428,0.1277856381172689,0.42214762838861863,0.04929604593203329,0.006334485168615431,0.1509460627618846,0.093338681541714,0.3052817919938043,0.22249811814381293,0.1221059831733741,0.26357196640708325,0.166556395793803,0.06308435004948199,0.060934054598967974,0.05389547269572232,0.20347299623491016,0.38570872397909856,0.5180362939451312,0.17008157112644579,0.3126059761469476,0.42579073630842196,0.05936106953594018,0.04647740648663709,0.1342222203729288
mu_0,0.04733982348474179,0.2175915991490588,0.07461064040674463,0.04374483421246601,0.16325647595782658,0.14674862552442347,0.10052527704494571,0.27983225817566776,0.2560493687198689,0.021648828340795206,0.1916368682533334,0.07668500420607897,0.015859153345300303,0.17270004421979485,0.07518826635304746,0.03740713288120287,0.22736492199673458,0.14535288113051084,0.13015639622421982,0.15772686685987852,0.1268980757433525,0.11301832924137009,0.1505790879615867,0.10878391511143383,0.2736412353207273,0.20269502256026742,0.18992433158055005,0.18065070980024972,0.20758352068751357,0.08391413326302832,0.122443208628373,0.0783032706832176,0.0706184616784166,0.3885945266229325,0.2936827384687951,0.1315338633777312,0.2610070415971778,0.1972416645795853,0.13061054824483476,0.22648191923007455,0.07011168479658081,0.16326358829377594,0.34711648443770443,0.2406737883719008,0.1839969060704773,0.04598920504184201,0.257135342714737,0.2052866441726576,0.051782679024095044,0.22844413701847802,0.1754004441349152,0.21000108335508566,0.323978268260198,0.26926516397205474,0.2888698898186144,0.26128167340943337,0.19934425641104328,0.3329308679551489,0.313463845004955,0.17826767792156922,0.43368140670145483,0.39301612814629017,0.31373188562231324,0.2961145220019448,0.20926165814080638,0.16194749325396862,0.25389331267888327,0.1768697518266036,0.15464876822645576,0.3702830026114902,0.2480599089547634,0.21763528419153685,0.20201328898927165,0.18732474318250583,0.16323193842022043,0.19391753874120182,0.09747407435227706,0.11625926135744986,0.3764255050516573,0.2369150407142157,0.20642007899475787,0.3099210095052097,0.14429442897211978,0.18755232850644937,0.2403545731990167,0.11092842621314469,0.20338012886936283,0.348427861787718,0.21347383097732725,0.20007078887041801,0.34689328177375306,0.15610032337732685,0.2463031177624237,0.3155347812831399,0.25490075047637323,0.2546304281572659,0.42895950724322185,0.36157874481205954,0.3726525467211975
mu_1,0.055226979715216645,0.18939882149659967,0.11345551165325699,0.0014615532982135586,0.1887478855613837,0.15418528831252845,0.11058012741810236,0.24863602635945398,0.21194890263918578,0.020052315376238056,0.041177036846670866,0.086854235495049,0.022081800534996268,0.13321469225979896,0.08364623566422424,0.040541081643490996,0.21801917942209723,0.1787184540414962,0.08533172263466496,0.04787345720144119,0.0955473025346157,0.022137831088062287,0.12107589512233932,0.08662638310275964,0.237637549292734,0.18973031131985627,0.15251838103513937,0.13836575637686566,0.1993853139768609,0.07106019411415218,0.16498100449079553,0.2304532108441788,0.06681181963136919,0.370174942704561,0.28764597012188786,0.125913194705175,0.21987356916760456,0.19388321761964228,0.12287653661758147,0.19715151704398812,0.17935462281534786,0.10860621343817337,0.34615735437580136,0.23970182553509722,0.1580073112195999,0.061102452266887916,0.11220506926212652,0.24527999010093332,0.04779527459574992,0.08068322098876675,0.2586762843715365,0.16206949264312018,0.32354763126273356,0.3008608485563808,0.31255831661790634,0.26098723558032816,0.2209023438766156,0.3176920841417305,0.20063871250769116,0.23662175674417746,0.3849570917890838,0.3722913286140315,0.2772621496323114,0.26408934146595486,0.18508629885240285,0.10923854485810228,0.1832508211913237,0.18816745510310445,0.1327648534110667,0.3750075231344942,0.2155766890119888,0.18643082285568768,0.31709166515126896,0.11730081281511852,0.14780656971624745,0.33027199547928154,0.11276972485665826,0.18144503510623894,0.38032111045343914,0.23943215686498492,0.22090649924967787,0.1926149446844264,0.18474532067106797,0.18988148804462085,0.26424601853777263,0.204518994000523,0.1737847682164384,0.3442369855323117,0.23667953035683892,0.14923485563053582,0.2875294609558715,0.30067554321919376,0.2741004528681936,0.3302031123891835,0.2786607244277264,0.25872935387086304,0.4232820820064813,0.3631374475617657,0.3554655210039668
mu_2,0.0022627897037695525,0.014515278913878481,0.009595918404817565,0.0033245834289730067,0.011707206909711654,0.009880587867525392,0.004751008483283252,0.03286873918604824,0.032615606371169475,5.2538676447774264e-05,0.02011353864632979,0.006044868475797431,4.8193131369800174e-05,0.015468820523479036,0.00694637368485971,0.0017092657111380236,0.03081621772690256,0.014406303388989874,0.002855123688919677,0.011351486987653972,0.02858746755859176,0.0033893277333256126,0.0190473086099755,0.02541102810030677,0.007588482820582251,0.030109887867679486,0.037098183810938434,0.010018513498915808,0.01715362048150047,0.017065926697075826,0.007090173087260212,0.01859867097424308,0.015429594608376122,0.01502373642777333,0.02107361316598932,0.03014995140021247,0.005326863133693314,0.018399743931509418,0.016440321736456424,0.003917300207672552,0.01964919382885474,0.00402246915743245,0.01384734026629683,0.03089461586505141,0.019040004808600536,0.005792544894032058,0.018717370447590618,0.03268844764729503,0.005957063859298462,0.023030759045857253,0.02987531595124493,0.011268630417352167,0.02969609906157598,0.03614760960809881,0.0002829793693613877,0.008773160972795537,0.008487758786402106,0.0012228715882194189,0.009443142038171589,0.005921614022616807,0.0052471470055426035,0.013334885370357645,0.014089984830128004,0.008890322610049803,0.008357027674383495,0.0014196101156859376,0.00898341591208626,0.009152657899725082,0.001127289794684371,0.020880048284378862,0.019181160187586626,0.007313916156261855,0.007457823928009392,0.026107864848169595,0.010502903135628077,0.005203056372613147,0.02696160557035235,0.014006881381491728,0.022810885282741767,0.03770702676573734,0.02727117278886636,0.007608925854854712,0.011191786410981815,0.008261543316910326,0.007783821290444922,0.014013123241401632,0.009587751949609992,0.013175994268135614,0.01843589868440446,0.014293552973922331,0.005651921529803309,0.004831870334891764,0.004241465912892797,0.004663080244018622,0.005863132743252832,0.003362608561289748,0.008830682140172321,0.009117402585090133,0.006298151847194476
mu_3,3.753045059243125e-05,0.021957809964435027,0.01532560114447159,3.174768590321491e-05,0.020283221223073515,0.018150106269523958,0.0005041373434645935,0.02689779949614848,0.017787414710890678,0.0014806448898883689,0.005797519523034801,0.003785132018020139,0.0016080375396969253,0.003614920352139588,0.004482799367960342,0.003095598451227027,0.01585839065601075,0.013712024124478668,0.0002989802637738858,0.013580879861179231,0.02414240079635349,0.0004804293685255655,0.01366452180207478,0.024797468949325368,0.0049900158615180015,0.02359699170810987,0.03660616608925212,0.0059334097973918224,0.005725798289106302,0.008950353003511106,0.007027604800398026,0.012336664801230421,0.009847375294585759,0.011904125212245356,0.017588154225873523,0.024519315553503916,0.006440139931944066,0.019248412163862284,0.023001857169234422,0.004744602982353093,0.016890422634827734,0.02472800598422351,0.011355744756882896,0.027063482643321986,0.027898582045819003,0.0015369089316907413,0.01592320605649185,0.01537949798150174,0.0015928830867099498,0.014934556845802244,0.009246966345712803,0.007567888211383398,0.02863736455944936,0.024858077601633752,0.006092166381285461,0.0014365391956236513,0.007406148144111339,0.006067414956623786,0.00590577081103666,0.014461920510485534,0.007878503360991633,0.014710639037648156,0.018172840017107825,0.009991257946763275,0.02027747196111522,0.009452091402469815,0.009472564706172677,0.017641507165487434,0.009920252108083732,0.02294576867504344,0.02482908406095718,0.020560295301033326,0.002010825017661559,0.009251002285366315,0.03105430620899427,0.006650644695931159,0.017711021103348244,0.029577959096336787,0.01876456684028836,0.036088438896315196,0.038121693111658965,0.002044576437473068,0.008002171019880547,0.003659746443448709,0.007621200290046437,0.004093465848359851,0.003285236329297896,0.014819937610720403,0.014595743701103774,0.007594293839273013,0.0011449980790147573,0.004970697447936446,0.0061087058660494195,0.0026114575437920316,0.0008938295236690931,0.0062120745457467305,0.00758805449269574,0.009255399700804896,0.00830948214837744
mu_4,1.1817534017911016e-05,0.08937434237339899,0.08760026281184757,0.0001730526627394695,0.10507108201299963,0.11428476290177858,0.0002708974774713015,0.1344289786290354,0.14703168886633808,1.6577914323832323e-06,0.07023127157633313,0.03601412788123945,3.6288668529646428e-06,0.07476339375742125,0.029555847189486402,8.057503930609619e-05,0.111155776705812,0.07012069159692415,0.021422027823393166,0.11023064305980655,0.060585679500238215,0.022372519871509868,0.03376067139731862,0.05576214554734255,0.04907326070504063,0.14805813328378936,0.10518629216598346,0.007899251436005172,0.08315413023716785,0.07860925112325554,0.00553452206146354,0.09383391336478093,0.11548095761924805,0.03917538823556393,0.1306969934127744,0.1826334582830182,0.0013674336549005521,0.026467776105976403,0.05950794044298881,0.0016417585967830898,0.023475283147172045,0.07042292264759283,0.021922594789048403,0.043813950587008765,0.0669570917386533,0.0005148111220485802,0.024527426711918935,0.08880477859967106,7.535927379601335e-05,0.037584011133431634,0.037342070187321955,0.007454682694300938,0.0715250268865718,0.09554885353527055,0.01698287514572769,0.024673157294241382,0.05638604330929924,0.014461742715988539,0.005818755786778047,0.04242028683790261,0.02465035960718222,0.038950164425089896,0.05876001839078328,0.006301074352057523,0.002924420746484461,0.005104426405405372,0.0030791312442829664,0.0009103851453785328,0.004562933104715795,0.015000825935940215,0.010276298147780803,0.00901787367317215,0.009981836601427402,0.008190089313530862,0.024990420014610687,0.007347824100741077,0.008728267057264434,0.02614773069636761,0.018564420707941558,0.016755179217667157,0.03586247070478228,0.0023488265259223712,0.006243990431041797,0.002803544684352948,0.007996980796691434,0.008421198787006345,0.000718626395951567,0.01962415774978263,0.012670764841404924,0.004233455147229778,0.005170162303819446,0.0009341373437642948,0.007701772808797346,0.006226621478748886,0.0046576922343215445,0.0076625922974003086,0.012775103313398069,0.012248563639299728,0.015531115532755694
mu_5,8.686749004221883e-06,0.040732851207399015,0.06939027162817006,2.2350811519503473e-05,0.07153773701013166,0.04228034438899828,0.0007859574927979721,0.13761010405586221,0.1157175861836214,4.665492235104792e-05,0.06718420733448376,0.03127065874381984,9.139135092873318e-05,0.07798570074339317,0.031233348548768483,0.0005152229345755234,0.13241687306583494,0.07842409104263302,0.007782413037102334,0.12622358593055735,0.07633518184726697,0.008555054897995736,0.10659277815772576,0.06679188550408113,0.039033982947895375,0.15160802758979416,0.134390792788895,0.004219038450423736,0.10295033052318589,0.08448878400302638,0.016922459268237832,0.08741997411436014,0.11584959603619753,0.0605003013397675,0.12277914329188143,0.17969003961006014,0.006093479583480835,0.03863580099419139,0.06749643625976647,0.004102650962478442,0.015059886013507953,0.02802211314692384,0.02491112418116752,0.06237088778375494,0.08054167662504469,0.00010932871210256795,0.04868619011051687,0.05499795785745822,0.0002114750089695634,0.040411149702722665,0.06455577130962686,0.008471438799886733,0.07265378400152502,0.09369136061856916,0.016401560164098026,0.014709241404859,0.03969251291675464,0.018499020501044284,0.029387583162725703,0.04403705941313909,0.03903646103963732,0.0471967354640585,0.061822425763167536,0.010600764265144074,0.015329532289089207,0.015338333926144365,0.010256828675608062,0.016653172324758457,0.015867874669026085,0.019271221222207948,0.02442400100948314,0.02026079031651904,0.006856577965457639,0.012521123796697274,0.031897231758674954,0.009345554744719667,0.017043179882683637,0.031959657951272875,0.026182878746581102,0.03359251214296105,0.04132129817966758,0.005556656623066362,0.016097011701028043,0.006124437770741046,0.005048096153116448,0.010305864719927447,0.0077317251639923874,0.011162656659081099,0.01754917703765822,0.009581278871336177,0.006301861752910683,0.008039435086513745,0.0046205726076777014,0.008112187536151309,0.012374621036666351,0.006509231414044282,0.012490957380829424,0.020528696462995825,0.01711847416773364
theta,0.01,0.01,0.01,0.015,0.015,0.015,0.1,0.1,0.1,0.01,0.01,0.01,0.015,0.015,0.015,0.1,0.1,0.1,0.01,0.01,0.01,0.015,0.015,0.015,0.1,0.1,0.1,0.01,0.01,0.01,0.015,0.015,0.015,0.1,0.1,0.1,0.01,0.01,0.01,0.015,0.015,0.015,0.1,0.1,0.1,0.01,0.01,0.01,0.015,0.015,0.015,0.1,0.1,0.1,0.01,0.01,0.01,0.015,0.015,0.015,0.1,0.1,0.1,0.01,0.01,0.01,0.015,0.015,0.015,0.1,0.1,0.1,0.01,0.01,0.01,0.015,0.015,0.015,0.1,0.1,0.1,0.01,0.01,0.01,0.015,0.015,0.015,0.1,0.1,0.1,0.01,0.01,0.01,0.015,0.015,0.015,0.1,0.1,0.1
LL,-13783.208631465834,-18025.427029453276,-18074.09320576522,-13796.42058904601,-18022.986797702015,-18069.50900138844,-13994.809088066479,-18036.971250215527,-18090.702851180562,-12565.034297865688,-18199.701253211155,-17853.855583330493,-12568.115144935282,-18191.172059232613,-17847.49914415589,-12787.092089527363,-18222.325117957917,-17987.35633761036,-12798.065459432986,-18231.076489810486,-18124.149615325925,-12798.474560668263,-18227.673338424738,-18116.029838257014,-12927.64097091612,-18238.35201302413,-18138.014930975958,-12197.60940169523,-17852.08387125608,-18048.370986190057,-12202.126460482237,-17852.577097949343,-18046.233944158314,-12255.34404811311,-17856.789287256008,-18108.12377203594,-10617.801395406035,-15388.148083316572,-14838.990899733322,-10617.572921788566,-15390.189285132634,-14834.864516545464,-10636.76767059226,-15373.868566643116,-14802.697253205453,-11948.879201881558,-16728.853482536226,-17079.26073799889,-11953.0449881289,-16734.73768679313,-17078.68468664342,-12117.907394093361,-16724.21407503115,-17068.568512969166,-10734.348472131027,-15202.832426505021,-15278.325325743812,-10733.33198414023,-15205.945634945161,-15278.982931278166,-10729.751394652878,-15206.895628243783,-15266.045542972586,-10817.873300958217,-13999.87284313162,-13540.24167002914,-10816.855646110726,-13983.733335815952,-13516.405413783485,-10821.31829146346,-13942.955546973351,-13435.52663030338,-10989.506459394272,-15102.17792981713,-15216.224905339426,-10988.095459700735,-15091.0247248873,-15203.314580021946,-10983.658317493579,-15077.431679441393,-15150.499477830208,-10140.684402884119,-12979.613736662199,-12082.808639462866,-10139.517670355119,-12972.353206680347,-12072.198810043003,-10123.627666675693,-12943.432448772526,-12034.41950808504,-9996.765222967424,-13371.214448075587,-13342.869253516415,-9995.554832154314,-13365.287008792555,-13339.890869518655,-9987.52777703484,-13348.40413923003,-13325.74490592953
